datetime;motor_temp;hydraulic_pressure;mast_vibration;battery_voltage;motor_current;duty;anomaly;fault_type
2026-01-07 22:00:01;51.65;45.01;1.279;50.419;32.04;0.0602;0;normal
2026-01-07 22:00:02;51.73;49.46;1.349;50.388;33.5;0.0726;0;normal
2026-01-07 22:00:03;51.67;43.18;1.403;50.428;32.93;0.0531;0;normal
2026-01-07 22:00:04;51.01;46.69;1.457;50.51;33.27;0.0616;0;normal
2026-01-07 22:00:05;51.53;47.05;1.413;50.406;37.44;0.0727;0;normal
2026-01-07 22:00:06;51.82;44.19;1.346;50.399;32.7;0.0569;0;normal
2026-01-07 22:00:07;51.78;48.53;1.281;50.51;30.29;0.056;0;normal
2026-01-07 22:00:08;51.08;63.6;1.594;50.122;54.68;0.169;0;normal
2026-01-07 22:00:09;51.19;77.43;1.928;49.819;63.53;0.2529;0;normal
2026-01-07 22:00:10;51.74;87.31;1.881;49.682;81.42;0.3209;0;normal
2026-01-07 22:00:11;51.4;91;2.156;49.468;90.96;0.3626;0;normal
2026-01-07 22:00:12;52.19;97.3;2.195;49.362;98.1;0.4007;0;normal
2026-01-07 22:00:13;52.78;98.42;2.168;49.234;100.41;0.4225;0;normal
2026-01-07 22:00:14;52.58;95.88;2.194;49.256;99.55;0.3989;0;normal
2026-01-07 22:00:15;52.72;98.6;2.189;49.325;97.75;0.4008;0;normal
2026-01-07 22:00:16;53.22;97.58;2.141;49.188;98.03;0.4086;0;normal
2026-01-07 22:00:17;53.18;100.63;2.1;49.419;95.5;0.4054;0;normal
2026-01-07 22:00:18;52.96;99.3;2.177;49.447;102.27;0.4134;0;normal
2026-01-07 22:00:19;53.31;97.51;2.297;49.299;101.3;0.4105;0;normal
2026-01-07 22:00:20;53.54;99.71;2.287;49.271;101.43;0.4336;0;normal
2026-01-07 22:00:21;53.26;102.9;2.037;49.351;99.91;0.4255;0;normal
2026-01-07 22:00:22;53.08;96.17;2.337;49.364;98.55;0.406;0;normal
2026-01-07 22:00:23;53.07;95.4;2.059;49.322;98.76;0.4175;0;normal
2026-01-07 22:00:24;53.59;103.1;2.216;49.242;103.92;0.4412;0;normal
2026-01-07 22:00:25;53.01;103.03;2.167;49.239;102.42;0.433;0;normal
2026-01-07 22:00:26;53.63;102.78;2.233;49.427;101.92;0.4278;0;normal
2026-01-07 22:00:27;53.66;99.88;2.221;49.481;101.23;0.4156;0;normal
2026-01-07 22:00:28;53.75;102.56;2.141;49.224;103.73;0.425;0;normal
2026-01-07 22:00:29;53.79;102.67;2.278;49.319;100.9;0.4268;0;normal
2026-01-07 22:00:30;53.6;104.97;2.309;49.234;103.9;0.4245;0;normal
2026-01-07 22:00:31;54.21;102.24;2.136;49.246;99.84;0.4239;0;normal
2026-01-07 22:00:32;54.59;104.21;2.251;49.279;98.73;0.4328;0;normal
2026-01-07 22:00:33;53.97;101.79;2.182;49.304;104.83;0.4338;0;normal
2026-01-07 22:00:34;53.94;100.36;2.416;49.191;102.71;0.4303;0;normal
2026-01-07 22:00:35;54.39;104.97;2.194;49.209;105.71;0.4314;0;normal
2026-01-07 22:00:36;54.41;103.84;2.126;49.368;101.48;0.4121;0;normal
2026-01-07 22:00:37;55.17;100.14;2.048;49.321;99.53;0.4162;0;normal
2026-01-07 22:00:38;54.48;100.37;2.178;49.246;102.57;0.4226;0;normal
2026-01-07 22:00:39;54.89;102.37;2.004;49.215;99.84;0.4199;0;normal
2026-01-07 22:00:40;54.58;103.52;2.178;49.241;102.85;0.4237;0;normal
2026-01-07 22:00:41;55.02;101.09;2.266;49.31;101.5;0.4218;0;normal
2026-01-07 22:00:42;55.08;107.76;2.247;49.178;101.64;0.439;0;normal
2026-01-07 22:00:43;55.05;104.12;2.381;49.212;106.53;0.4414;0;normal
2026-01-07 22:00:44;55.08;99.62;2.248;49.276;106.59;0.4086;0;normal
2026-01-07 22:00:45;54.72;96.04;2.033;49.399;100.94;0.4045;0;normal
2026-01-07 22:00:46;55.59;103.24;2.114;49.211;105.29;0.4136;0;normal
2026-01-07 22:00:47;55.44;102.94;2.057;49.273;101.57;0.4195;0;normal
2026-01-07 22:00:48;54.89;103.97;2.274;49.165;103.81;0.4315;0;normal
2026-01-07 22:00:49;56.01;104.24;2.169;49.17;105.29;0.4229;0;normal
2026-01-07 22:00:50;55.04;103.49;2.148;49.269;101.44;0.4368;0;normal
2026-01-07 22:00:51;55.07;105.71;2.197;49.149;107.07;0.4502;0;normal
2026-01-07 22:00:52;56;105.7;2.241;49.189;109.83;0.4402;0;normal
2026-01-07 22:00:53;56.41;102.4;2.145;49.248;101.89;0.4289;0;normal
2026-01-07 22:00:54;56.44;131.42;2.807;48.731;136.51;0.607;0;normal
2026-01-07 22:00:55;56.06;147.26;3.087;48.204;157.66;0.723;0;normal
2026-01-07 22:00:56;56.65;155.37;3.054;48.155;164.29;0.773;0;normal
2026-01-07 22:00:57;56.99;162.86;3.211;47.997;176.67;0.8186;0;normal
2026-01-07 22:00:58;56.79;164.23;3.335;47.853;181.87;0.8427;0;normal
2026-01-07 22:00:59;57.12;168.63;3.406;47.755;185.38;0.8705;0;normal
2026-01-07 22:01:00;57.4;174.1;3.437;47.717;192.05;0.9054;0;normal
2026-01-07 22:01:01;57.35;177.31;3.565;47.629;198.58;0.9189;0;normal
2026-01-07 22:01:02;58.71;174.75;3.447;47.702;195.73;0.9062;0;normal
2026-01-07 22:01:03;58.88;176.44;3.596;47.685;196.73;0.9152;0;normal
2026-01-07 22:01:04;58.35;173.05;3.481;47.637;194.81;0.8983;0;normal
2026-01-07 22:01:05;58.71;174.9;3.385;47.704;194.81;0.9124;0;normal
2026-01-07 22:01:06;59.04;144.96;2.871;48.348;151.39;0.6844;0;normal
2026-01-07 22:01:07;58.93;119.62;2.439;48.868;128.93;0.5489;0;normal
2026-01-07 22:01:08;58.86;108.7;2.42;49.041;114.52;0.468;0;normal
2026-01-07 22:01:09;59.15;102.57;2.065;49.32;98.77;0.412;0;normal
2026-01-07 22:01:10;58.6;91.7;2.013;49.495;91.72;0.3573;0;normal
2026-01-07 22:01:11;58.72;90.83;1.947;49.449;83.07;0.3385;0;normal
2026-01-07 22:01:12;58.56;87.97;2.006;49.516;78.77;0.31;0;normal
2026-01-07 22:01:13;58.85;72.35;1.77;49.754;61.51;0.2172;0;normal
2026-01-07 22:01:14;58.03;67.64;1.625;50.087;54.02;0.1693;0;normal
2026-01-07 22:01:15;58.02;56.3;1.378;50.198;41.56;0.1175;0;normal
2026-01-07 22:01:16;57.75;54.52;1.171;50.291;37.59;0.0924;0;normal
2026-01-07 22:01:17;58.2;50.42;1.43;50.386;34.08;0.0741;0;normal
2026-01-07 22:01:18;57.8;53.01;1.325;50.306;40.29;0.0911;0;normal
2026-01-07 22:01:19;56.98;50.16;1.247;50.339;34.65;0.0753;0;normal
2026-01-07 22:01:20;57.36;52.41;1.181;50.239;37.14;0.089;0;normal
2026-01-07 22:01:21;56.72;52.1;1.428;50.311;36.54;0.0894;0;normal
2026-01-07 22:01:22;57.46;54.09;1.486;50.347;38.55;0.0865;0;normal
2026-01-07 22:01:23;57.1;44.74;1.423;50.321;32.67;0.0572;0;normal
2026-01-07 22:01:24;56.89;44.34;1.215;50.409;28.24;0.0467;0;normal
2026-01-07 22:01:25;57.03;47.09;1.401;50.41;30.82;0.0543;0;normal
2026-01-07 22:01:26;56.78;46.06;1.391;50.415;30.17;0.0547;0;normal
2026-01-07 22:01:27;56.63;45.83;1.318;50.427;29.61;0.0487;0;normal
2026-01-07 22:01:28;56.41;48.2;1.294;50.283;35.67;0.0648;0;normal
2026-01-07 22:01:29;57.08;49.34;1.302;50.46;31.72;0.0571;0;normal
2026-01-07 22:01:30;56.26;48.76;1.335;50.42;32.86;0.0508;0;normal
2026-01-07 22:01:31;56.54;49.7;1.507;50.388;32.72;0.0618;0;normal
2026-01-07 22:01:32;56.13;52.85;1.29;50.341;35.93;0.0769;0;normal
2026-01-07 22:01:33;55.23;48.87;1.225;50.411;27.81;0.0529;0;normal
2026-01-07 22:01:34;55.8;51.54;1.286;50.35;31.79;0.0661;0;normal
2026-01-07 22:01:35;56.22;49.26;1.261;50.423;32.02;0.0733;0;normal
2026-01-07 22:01:36;56.33;48.14;1.352;50.24;29.77;0.0753;0;normal
2026-01-07 22:01:37;55.71;50.68;1.125;50.329;40.67;0.0787;0;normal
2026-01-07 22:01:38;55.53;49.76;1.305;50.214;32.62;0.0784;0;normal
2026-01-07 22:01:39;56.39;54.94;1.472;50.33;35.49;0.0953;0;normal
2026-01-07 22:01:40;55.1;52.95;1.281;50.287;40.16;0.097;0;normal
2026-01-07 22:01:41;55.54;52.46;1.19;50.411;37.67;0.0859;0;normal
2026-01-07 22:01:42;55.69;54.03;1.309;50.373;33.95;0.0674;0;normal
2026-01-07 22:01:43;55.04;52.4;1.248;50.308;35.85;0.0776;0;normal
2026-01-07 22:01:44;54.85;49.51;1.21;50.262;38.64;0.0815;0;normal
2026-01-07 22:01:45;54.65;48.9;1.334;50.27;40.03;0.0781;0;normal
2026-01-07 22:01:46;54.82;48.84;1.54;50.336;35.62;0.077;0;normal
2026-01-07 22:01:47;54.08;54.45;1.281;50.179;36.07;0.0923;0;normal
2026-01-07 22:01:48;54.34;51.76;1.367;50.382;36.7;0.0802;0;normal
2026-01-07 22:01:49;54.1;48.82;1.418;50.343;32.15;0.072;0;normal
2026-01-07 22:01:50;53.78;46.55;1.353;50.506;33.51;0.0605;0;normal
2026-01-07 22:01:51;54.1;47.28;1.225;50.472;36.28;0.0744;0;normal
2026-01-07 22:01:52;53.72;47.5;1.347;50.496;31.41;0.0667;0;normal
2026-01-07 22:01:53;53.82;51.76;1.418;50.379;36.91;0.0703;0;normal
2026-01-07 22:01:54;53.5;53.98;1.256;50.321;36.74;0.0831;0;normal
2026-01-07 22:01:55;54.47;54.68;1.476;50.366;40.64;0.0807;0;normal
2026-01-07 22:01:56;54.63;52.32;1.351;50.329;37.93;0.0843;0;normal
2026-01-07 22:01:57;53.37;52.98;1.268;50.306;36.62;0.0836;0;normal
2026-01-07 22:01:58;53.98;55.65;1.337;50.287;42.42;0.091;0;normal
2026-01-07 22:01:59;53.36;54.24;1.378;50.328;38.78;0.0863;0;normal
2026-01-07 22:02:00;53.54;44.37;1.297;50.369;36.22;0.0596;0;normal
2026-01-07 22:02:01;53.74;49.2;1.206;50.487;34.44;0.0648;0;normal
2026-01-07 22:02:02;52.96;49.26;1.328;50.376;31.25;0.0616;0;normal
2026-01-07 22:02:03;52.98;46.82;1.262;50.321;32.8;0.0612;0;normal
2026-01-07 22:02:04;52.86;47.54;1.243;50.408;33.85;0.0607;0;normal
2026-01-07 22:02:05;53.62;44.27;1.278;50.475;28.74;0.0436;0;normal
2026-01-07 22:02:06;52.96;48.32;1.376;50.416;32.08;0.0459;0;normal
2026-01-07 22:02:07;53.06;47.39;1.237;50.431;32.53;0.0458;0;normal
2026-01-07 22:02:08;52.52;48.43;1.262;50.429;33.58;0.0537;0;normal
2026-01-07 22:02:09;52.98;41.48;1.299;50.509;31.72;0.0414;0;normal
2026-01-07 22:02:10;53.18;47.08;1.303;50.457;28.24;0.0391;0;normal
2026-01-07 22:02:11;53.36;68.43;1.741;50.007;58.9;0.1838;0;normal
2026-01-07 22:02:12;52.79;80.7;1.81;49.723;71.58;0.2719;0;normal
2026-01-07 22:02:13;52.92;88.8;1.978;49.534;83.07;0.3255;0;normal
2026-01-07 22:02:14;52.26;95.31;1.824;49.423;89.34;0.3673;0;normal
2026-01-07 22:02:15;53.1;100.74;2.208;49.294;98.64;0.4086;0;normal
2026-01-07 22:02:16;52.83;100.44;2.014;49.261;95.88;0.4092;0;normal
2026-01-07 22:02:17;54.16;101.69;2.064;49.264;101.16;0.4211;0;normal
2026-01-07 22:02:18;52.79;99.16;2.13;49.32;99.36;0.4061;0;normal
2026-01-07 22:02:19;54.12;105.97;2.149;49.162;108.68;0.4379;0;normal
2026-01-07 22:02:20;53.75;100.38;2.23;49.27;98.58;0.4055;0;normal
2026-01-07 22:02:21;53.28;95.12;2.202;49.395;93.01;0.3931;0;normal
2026-01-07 22:02:22;53.82;101.59;2.189;49.163;98.21;0.4168;0;normal
2026-01-07 22:02:23;54.1;99.8;2.31;49.156;96.8;0.4128;0;normal
2026-01-07 22:02:24;54.05;102.2;2.383;49.227;103.6;0.4298;0;normal
2026-01-07 22:02:25;54.35;101.77;2.173;49.187;97.89;0.4289;0;normal
2026-01-07 22:02:26;54.57;102.08;2.305;49.238;102.22;0.4224;0;normal
2026-01-07 22:02:27;54.17;102.91;2.34;49.296;102.13;0.4224;0;normal
2026-01-07 22:02:28;54.28;105.36;2.336;49.078;101.89;0.4342;0;normal
2026-01-07 22:02:29;54.97;101.47;2.369;49.346;102.21;0.4352;0;normal
2026-01-07 22:02:30;53.62;127.39;2.654;48.664;130.18;0.598;0;normal
2026-01-07 22:02:31;54.91;150.38;3.063;48.378;154.33;0.7142;0;normal
2026-01-07 22:02:32;55.87;158.76;3.239;48.057;167.82;0.805;0;normal
2026-01-07 22:02:33;56.19;160.79;3.136;48.006;174.47;0.8273;0;normal
2026-01-07 22:02:34;55.84;168.29;3.324;47.975;183.62;0.8602;0;normal
2026-01-07 22:02:35;56.15;169.61;3.321;47.806;182.9;0.8711;0;normal
2026-01-07 22:02:36;56.49;174.05;3.356;47.834;188.67;0.8906;0;normal
2026-01-07 22:02:37;56.56;173.37;3.511;47.848;189.94;0.9076;0;normal
2026-01-07 22:02:38;57.24;173.97;3.357;47.692;193.47;0.8951;0;normal
2026-01-07 22:02:39;57.9;169.25;3.499;47.786;192.32;0.8988;0;normal
2026-01-07 22:02:40;57.16;173.28;3.317;47.706;188.86;0.9005;0;normal
2026-01-07 22:02:41;57.94;177.7;3.532;47.611;198.23;0.9375;0;normal
2026-01-07 22:02:42;58;172.12;3.4;47.667;199.67;0.9222;0;normal
2026-01-07 22:02:43;58.71;175.84;3.208;47.823;191.96;0.9216;0;normal
2026-01-07 22:02:44;58.97;173.37;3.433;47.64;194.44;0.9163;0;normal
2026-01-07 22:02:45;58.93;141.73;2.832;48.463;149.19;0.6861;0;normal
2026-01-07 22:02:46;59.53;117.16;2.471;48.888;127.55;0.549;0;normal
2026-01-07 22:02:47;58.98;102.9;2.232;49.145;109.17;0.4439;0;normal
2026-01-07 22:02:48;59.41;96.95;2.09;49.405;94.41;0.3865;0;normal
2026-01-07 22:02:49;58.7;85.35;2.035;49.452;87.83;0.3464;0;normal
2026-01-07 22:02:50;59.27;85.36;1.961;49.601;80.57;0.3159;0;normal
2026-01-07 22:02:51;58.37;71.22;1.771;49.899;59.22;0.2188;0;normal
2026-01-07 22:02:52;58.56;62.95;1.413;50.102;53.38;0.1632;0;normal
2026-01-07 22:02:53;58.25;52.85;1.423;50.325;43.88;0.1064;0;normal
2026-01-07 22:02:54;58.27;55.9;1.379;50.174;45.62;0.1236;0;normal
2026-01-07 22:02:55;58.55;54.35;1.319;50.236;41.51;0.1106;0;normal
2026-01-07 22:02:56;57.32;52.06;1.314;50.219;40.57;0.105;0;normal
2026-01-07 22:02:57;57.99;50.43;1.324;50.368;38.81;0.0975;0;normal
2026-01-07 22:02:58;58.22;48.04;1.219;50.386;44.76;0.0876;0;normal
2026-01-07 22:02:59;57.46;45.91;1.466;50.402;34.91;0.0621;0;normal
2026-01-07 22:03:00;57.13;42.56;1.27;50.471;33.49;0.0518;0;normal
2026-01-07 22:03:01;57.14;40.18;1.084;50.498;27.27;0.0367;0;normal
2026-01-07 22:03:02;57.5;43.94;1.08;50.444;32.21;0.0416;0;normal
2026-01-07 22:03:03;56.2;42.54;1.176;50.45;29.52;0.0438;0;normal
2026-01-07 22:03:04;56.38;44.58;1.256;50.455;33.88;0.0491;0;normal
2026-01-07 22:03:05;56.68;47.84;1.115;50.35;36.57;0.0714;0;normal
2026-01-07 22:03:06;56.58;45.5;1.034;50.466;33.14;0.0652;0;normal
2026-01-07 22:03:07;56.49;46.33;1.072;50.539;32.1;0.054;0;normal
2026-01-07 22:03:08;56.65;46.67;1.245;50.273;34.19;0.0651;0;normal
2026-01-07 22:03:09;56.84;50.71;1.273;50.416;35.49;0.0878;0;normal
2026-01-07 22:03:10;56.49;47.1;1.164;50.412;38.92;0.0684;0;normal
2026-01-07 22:03:11;55.63;48.65;1.149;50.302;35.86;0.0678;0;normal
2026-01-07 22:03:12;56.35;47.34;1.159;50.478;30.68;0.0652;0;normal
2026-01-07 22:03:13;56.51;46.04;1.199;50.412;33.89;0.0737;0;normal
2026-01-07 22:03:14;55.85;50.27;1.217;50.305;37.5;0.0785;0;normal
2026-01-07 22:03:15;55.83;44.52;1.391;50.413;31.77;0.0664;0;normal
2026-01-07 22:03:16;55.51;51.66;1.176;50.344;36.63;0.0824;0;normal
2026-01-07 22:03:17;55.22;49.46;1.113;50.208;36.51;0.0766;0;normal
2026-01-07 22:03:18;55.02;51.44;1.298;50.336;31.27;0.0788;0;normal
2026-01-07 22:03:19;54.65;49.5;1.3;50.396;38.46;0.0789;0;normal
2026-01-07 22:03:20;54.55;48;1.205;50.354;32.53;0.0588;0;normal
2026-01-07 22:03:21;55.26;42.97;1.133;50.467;28.77;0.0377;0;normal
2026-01-07 22:03:22;53.9;45.16;1.142;50.536;29.2;0.0491;0;normal
2026-01-07 22:03:23;54.36;41.81;1.241;50.45;29.77;0.0447;0;normal
2026-01-07 22:03:24;53.85;42.07;1.236;50.521;28.23;0.0348;0;normal
2026-01-07 22:03:25;54.3;42.65;1.123;50.595;26.69;0.0383;0;normal
2026-01-07 22:03:26;53.85;43.94;1.297;50.46;28.75;0.044;0;normal
2026-01-07 22:03:27;54.4;47.16;1.197;50.521;28.19;0.0548;0;normal
2026-01-07 22:03:28;53.84;45.04;1.07;50.424;30.46;0.0546;0;normal
2026-01-07 22:03:29;53.59;46.92;1.089;50.502;33.57;0.0483;0;normal
2026-01-07 22:03:30;53.73;48.7;1.077;50.399;38.49;0.0687;0;normal
2026-01-07 22:03:31;53.93;48.65;1.375;50.351;38.18;0.0745;0;normal
2026-01-07 22:03:32;53.27;48.88;1.267;50.425;31.11;0.0595;0;normal
2026-01-07 22:03:33;53.46;44.71;1.182;50.47;34.71;0.0599;0;normal
2026-01-07 22:03:34;53.69;45.21;0.943;50.403;32.23;0.0485;0;normal
2026-01-07 22:03:35;53.17;46.11;0.982;50.346;37.4;0.0674;0;normal
2026-01-07 22:03:36;52.83;50.61;1.239;50.418;33.82;0.0695;0;normal
2026-01-07 22:03:37;52.71;46.4;1.024;50.275;32.39;0.0455;0;normal
2026-01-07 22:03:38;53.13;45.11;1.04;50.513;32.4;0.0446;0;normal
2026-01-07 22:03:39;53.12;43.32;1.258;50.367;35.4;0.0396;0;normal
2026-01-07 22:03:40;52.48;46.69;1.325;50.438;30.68;0.0495;0;normal
2026-01-07 22:03:41;52.67;49.56;1.257;50.355;33.48;0.0663;0;normal
2026-01-07 22:03:42;52.94;40.98;1.072;50.411;30.01;0.0467;0;normal
2026-01-07 22:03:43;52.61;45.5;1.094;50.265;34.6;0.0547;0;normal
2026-01-07 22:03:44;52.1;50.74;1.042;50.394;38.75;0.0626;0;normal
2026-01-07 22:03:45;52.07;46.5;1.181;50.445;34.21;0.0486;0;normal
2026-01-07 22:03:46;53.14;45.98;1.078;50.468;34.18;0.0467;0;normal
2026-01-07 22:03:47;52.65;42.93;1.185;50.353;32.66;0.0549;0;normal
2026-01-07 22:03:48;52.74;51.38;1.226;50.398;37.6;0.0663;0;normal
2026-01-07 22:03:49;52.24;47.72;1.333;50.304;40.07;0.0584;0;normal
2026-01-07 22:03:50;52.53;49.15;1.175;50.315;39.32;0.0759;0;normal
2026-01-07 22:03:51;52.17;49.01;1.161;50.415;33.71;0.0615;0;normal
2026-01-07 22:03:52;52.29;49.24;1.259;50.299;35.35;0.0684;0;normal
2026-01-07 22:03:53;51.73;44.52;1.328;50.347;30.2;0.0427;0;normal
2026-01-07 22:03:54;52.22;48.53;1.282;50.272;34.32;0.063;0;normal
2026-01-07 22:03:55;52.12;51.66;1.315;50.259;44.4;0.0884;0;normal
2026-01-07 22:03:56;51.78;51.67;1.265;50.26;40.64;0.0879;0;normal
2026-01-07 22:03:57;51.85;49.8;1.21;50.251;35.76;0.0876;0;normal
2026-01-07 22:03:58;51.61;48.95;1.051;50.299;40.19;0.0729;0;normal
2026-01-07 22:03:59;52;45.08;1.201;50.374;31.03;0.0509;0;normal
2026-01-07 22:04:00;51.44;46.82;1.219;50.453;36.41;0.0536;0;normal
2026-01-07 22:04:01;52.42;46.59;1.206;50.372;38.16;0.0629;0;normal
2026-01-07 22:04:02;51.39;49.24;1.169;50.33;34.43;0.0576;0;normal
2026-01-07 22:04:03;51.7;47.51;1.176;50.335;37.57;0.062;0;normal
2026-01-07 22:04:04;52.17;66.77;1.506;50.079;58.23;0.175;0;normal
2026-01-07 22:04:05;51.02;72.93;1.735;49.843;71.38;0.2497;0;normal
2026-01-07 22:04:06;51.64;86.48;1.848;49.669;80.06;0.3068;0;normal
2026-01-07 22:04:07;52.26;93.96;2.107;49.371;89.18;0.3669;0;normal
2026-01-07 22:04:08;51.98;93.96;2.213;49.37;93.25;0.3812;0;normal
2026-01-07 22:04:09;51.75;96.75;2.183;49.351;97.25;0.3953;0;normal
2026-01-07 22:04:10;51.48;102.27;2.349;49.326;100.53;0.4307;0;normal
2026-01-07 22:04:11;52.74;101.18;2.208;49.197;96.87;0.4102;0;normal
2026-01-07 22:04:12;51.62;98.13;2.19;49.273;97.8;0.3995;0;normal
2026-01-07 22:04:13;52.86;102.95;2.096;49.248;99.55;0.4188;0;normal
2026-01-07 22:04:14;52.19;106.66;2.262;49.176;101.62;0.4341;0;normal
2026-01-07 22:04:15;52.27;101.73;2.174;49.27;101.53;0.4179;0;normal
2026-01-07 22:04:16;53.64;101.15;2.19;49.333;98.72;0.4106;0;normal
2026-01-07 22:04:17;53.15;101.28;2.206;49.261;102.79;0.4155;0;normal
2026-01-07 22:04:18;53.28;102.75;2.107;49.385;100.82;0.4031;0;normal
2026-01-07 22:04:19;53.15;98.8;2.123;49.332;99.08;0.3964;0;normal
2026-01-07 22:04:20;53.43;97.96;2.172;49.27;101.89;0.4125;0;normal
2026-01-07 22:04:21;53.44;96.5;2.313;49.238;97.5;0.4092;0;normal
2026-01-07 22:04:22;52.82;100.21;2.085;49.284;101.23;0.4063;0;normal
2026-01-07 22:04:23;53.23;100.27;2.146;49.253;104.07;0.4077;0;normal
2026-01-07 22:04:24;53.95;97.26;2.008;49.352;96.89;0.3885;0;normal
2026-01-07 22:04:25;53.76;96.92;1.957;49.43;98.21;0.3938;0;normal
2026-01-07 22:04:26;54.11;97.69;2.166;49.273;104.41;0.4026;0;normal
2026-01-07 22:04:27;54.26;100.73;2.186;49.283;103.34;0.425;0;normal
2026-01-07 22:04:28;54.31;99.26;1.983;49.209;101.32;0.4128;0;normal
2026-01-07 22:04:29;53.58;102.69;2.125;49.233;102.21;0.4188;0;normal
2026-01-07 22:04:30;54.9;103.28;2.042;49.296;101.07;0.4312;0;normal
2026-01-07 22:04:31;54.37;103.57;2.274;49.197;101.16;0.4267;0;normal
2026-01-07 22:04:32;53.87;100.89;2.304;49.289;100.81;0.4181;0;normal
2026-01-07 22:04:33;54.31;102.26;2.247;49.287;102.31;0.4167;0;normal
2026-01-07 22:04:34;54.51;103.47;2.248;49.233;103.87;0.4326;0;normal
2026-01-07 22:04:35;54.93;105.33;2.182;49.071;107.5;0.4383;0;normal
2026-01-07 22:04:36;55.38;103.91;2.316;49.249;103.84;0.4361;0;normal
2026-01-07 22:04:37;55.16;104.48;2.162;49.142;105.88;0.4425;0;normal
2026-01-07 22:04:38;55.37;101.33;2.078;49.244;102.61;0.4219;0;normal
2026-01-07 22:04:39;55.12;102.99;2.185;49.164;104.38;0.4398;0;normal
2026-01-07 22:04:40;55.75;103.26;2.234;49.223;108.04;0.4462;0;normal
2026-01-07 22:04:41;55.89;107.59;2.221;49.109;108.34;0.4515;0;normal
2026-01-07 22:04:42;55.67;105.25;2.177;49.135;104.77;0.4535;0;normal
2026-01-07 22:04:43;55.34;105.95;2.152;49.196;106.53;0.445;0;normal
2026-01-07 22:04:44;55.79;104.83;2.278;49.151;106.36;0.4492;0;normal
2026-01-07 22:04:45;55.94;105.15;2.18;49.168;98.59;0.4358;0;normal
2026-01-07 22:04:46;56.18;102.11;2.149;49.243;99.33;0.4262;0;normal
2026-01-07 22:04:47;55.67;103.82;2.033;49.16;101.83;0.4277;0;normal
2026-01-07 22:04:48;56.21;101.71;2.057;49.215;103.25;0.4188;0;normal
2026-01-07 22:04:49;55.67;102.38;1.948;49.211;99.17;0.4189;0;normal
2026-01-07 22:04:50;55.75;102.33;2.177;49.252;103;0.4229;0;normal
2026-01-07 22:04:51;55.76;100.68;2.036;49.193;96.04;0.4129;0;normal
2026-01-07 22:04:52;56.09;80.78;1.802;49.697;72.47;0.2833;0;normal
2026-01-07 22:04:53;56.74;70.26;1.556;49.964;57.33;0.2026;0;normal
2026-01-07 22:04:54;56.31;62.46;1.433;50.006;52.69;0.1612;0;normal
2026-01-07 22:04:55;56.09;57.66;1.25;50.224;40.69;0.1205;0;normal
2026-01-07 22:04:56;55.69;51.07;1.134;50.302;39.83;0.0924;0;normal
2026-01-07 22:04:57;55.84;49.71;1.114;50.31;33.52;0.0805;0;normal
2026-01-07 22:04:58;55.99;53.55;1.382;50.368;36.66;0.0781;0;normal
2026-01-07 22:04:59;55.11;55.61;1.405;50.368;37.8;0.0918;0;normal
2026-01-07 22:05:00;56.06;47.34;1.329;50.491;33.71;0.063;0;normal
2026-01-07 22:05:01;54.64;46.51;1.118;50.407;32.09;0.0481;0;normal
2026-01-07 22:05:02;55.51;48.82;1.16;50.439;34.25;0.0514;0;normal
2026-01-07 22:05:03;54.69;49.07;1.208;50.38;36.54;0.0674;0;normal
2026-01-07 22:05:04;55.03;46.65;1.187;50.51;30.01;0.0574;0;normal
2026-01-07 22:05:05;54.08;49.52;1.225;50.409;33.48;0.0622;0;normal
2026-01-07 22:05:06;54.16;45.82;1.155;50.401;35.67;0.0661;0;normal
2026-01-07 22:05:07;54.29;51.72;1.158;50.374;38;0.0753;0;normal
2026-01-07 22:05:08;54.34;46.58;1.052;50.282;31.51;0.067;0;normal
2026-01-07 22:05:09;54.31;50.12;1.087;50.483;34;0.0563;0;normal
2026-01-07 22:05:10;53.66;50.72;1.305;50.326;40.19;0.0857;0;normal
2026-01-07 22:05:11;53.39;45.5;1.46;50.378;37.69;0.054;0;normal
2026-01-07 22:05:12;53.38;45.63;1.284;50.282;40.59;0.067;0;normal
2026-01-07 22:05:13;54.11;48.84;1.183;50.469;33.78;0.0667;0;normal
2026-01-07 22:05:14;53.64;49.35;1.315;50.415;37.11;0.0722;0;normal
2026-01-07 22:05:15;53.37;51.84;1.245;50.408;38.79;0.082;0;normal
2026-01-07 22:05:16;53.45;44.42;1.301;50.393;30.3;0.0485;0;normal
2026-01-07 22:05:17;53.84;42.87;1.227;50.462;27.47;0.0367;0;normal
2026-01-07 22:05:18;53.7;41.09;1.364;50.491;27.55;0.0402;0;normal
2026-01-07 22:05:19;53.66;45.89;1.23;50.435;27.34;0.0429;0;normal
2026-01-07 22:05:20;54.09;44.35;1.2;50.5;30.17;0.0289;0;normal
2026-01-07 22:05:21;53.25;47.47;1.281;50.438;28.83;0.0482;0;normal
2026-01-07 22:05:22;53.06;45.35;1.21;50.486;29.45;0.0438;0;normal
2026-01-07 22:05:23;53.2;49.55;1.385;50.439;29.62;0.0544;0;normal
2026-01-07 22:05:24;52.29;43.95;1.278;50.494;32.81;0.0449;0;normal
2026-01-07 22:05:25;52.76;47.71;1.049;50.42;29.23;0.0429;0;normal
2026-01-07 22:05:26;52.7;47.43;1.265;50.394;33.12;0.0528;0;normal
2026-01-07 22:05:27;52.79;52.05;1.34;50.391;34.17;0.0761;0;normal
2026-01-07 22:05:28;53.44;50.49;1.265;50.312;34.77;0.0877;0;normal
2026-01-07 22:05:29;52.91;47.53;1.428;50.386;37.21;0.0699;0;normal
2026-01-07 22:05:30;52.22;53.02;1.345;50.416;38.06;0.0813;0;normal
2026-01-07 22:05:31;53.21;46.21;1.325;50.35;38.27;0.0635;0;normal
2026-01-07 22:05:32;52.57;47.38;1.26;50.388;31.98;0.0575;0;normal
2026-01-07 22:05:33;53.16;46.16;1.351;50.29;36.54;0.0738;0;normal
2026-01-07 22:05:34;52.77;50.53;1.316;50.35;39.66;0.0897;0;normal
2026-01-07 22:05:35;52.91;48.24;1.35;50.463;30.37;0.0595;0;normal
2026-01-07 22:05:36;52.71;46.49;1.257;50.436;35.24;0.0506;0;normal
2026-01-07 22:05:37;52.15;44.99;1.162;50.3;30;0.0464;0;normal
2026-01-07 22:05:38;51.91;51.23;1.322;50.408;37.81;0.0755;0;normal
2026-01-07 22:05:39;52.16;49.69;1.362;50.282;33.02;0.0724;0;normal
2026-01-07 22:05:40;52.6;44.62;1.312;50.412;36.05;0.0544;0;normal
2026-01-07 22:05:41;52.63;45.63;1.211;50.389;34.71;0.0521;0;normal
2026-01-07 22:05:42;52;47.66;1.171;50.383;32.01;0.0519;0;normal
2026-01-07 22:05:43;52.05;44.27;1.182;50.251;28.16;0.0542;0;normal
2026-01-07 22:05:44;52.28;50.08;1.064;50.332;38.49;0.0684;0;normal
2026-01-07 22:05:45;52.08;44.1;1.179;50.421;33.04;0.048;0;normal
2026-01-07 22:05:46;52.4;47.53;1.194;50.461;31.96;0.0479;0;normal
2026-01-07 22:05:47;51.57;49.73;1.419;50.476;34.36;0.0613;0;normal
2026-01-07 22:05:48;51.49;49.84;1.218;50.373;29.66;0.0562;0;normal
2026-01-07 22:05:49;51.27;50.86;1.275;50.367;34.4;0.0758;0;normal
2026-01-07 22:05:50;51.54;47.3;1.168;50.392;34.7;0.0512;0;normal
2026-01-07 22:05:51;51.27;44.83;1.335;50.465;28.28;0.0377;0;normal
2026-01-07 22:05:52;51.45;41;1.097;50.593;23.47;0.0233;0;normal
2026-01-07 22:05:53;51.32;43.67;1.049;50.568;31.12;0.0363;0;normal
2026-01-07 22:05:54;51.68;46.85;1.388;50.344;34.64;0.0544;0;normal
2026-01-07 22:05:55;51.86;49.8;1.243;50.392;31.04;0.0609;0;normal
2026-01-07 22:05:56;52.14;50.77;1.361;50.391;35.29;0.0649;0;normal
2026-01-07 22:05:57;51.8;47.99;1.194;50.418;36.81;0.071;0;normal
2026-01-07 22:05:58;51.48;48.3;1.269;50.365;32.81;0.0745;0;normal
2026-01-07 22:05:59;50.96;49.17;1.374;50.34;35.87;0.0742;0;normal
2026-01-07 22:06:00;50.86;51.79;1.117;50.363;38.07;0.0682;0;normal
2026-01-07 22:06:01;51.31;47.11;1.313;50.311;33.25;0.0673;0;normal
2026-01-07 22:06:02;50.92;46.22;1.02;50.458;37.13;0.0605;0;normal
2026-01-07 22:06:03;51.65;43.45;1.073;50.434;30.41;0.0391;0;normal
2026-01-07 22:06:04;51.13;39.71;1.112;50.538;28.35;0.0288;0;normal
2026-01-07 22:06:05;51.3;45.29;0.99;50.455;33.01;0.0563;0;normal
2026-01-07 22:06:06;51.27;45.08;1.225;50.409;33.02;0.0466;0;normal
2026-01-07 22:06:07;51.26;64.03;1.439;49.92;54.77;0.1723;0;normal
2026-01-07 22:06:08;51.7;79.84;1.74;49.689;75.68;0.2691;0;normal
2026-01-07 22:06:09;50.97;87.52;1.826;49.542;87.29;0.3237;0;normal
2026-01-07 22:06:10;51.59;96.11;2.119;49.455;95.89;0.3729;0;normal
2026-01-07 22:06:11;51.57;95.78;2.032;49.46;99.75;0.3798;0;normal
2026-01-07 22:06:12;51.54;96.74;2.063;49.419;99.97;0.3923;0;normal
2026-01-07 22:06:13;51.92;97.33;2.198;49.322;103.87;0.3907;0;normal
2026-01-07 22:06:14;50.88;97.84;2.103;49.254;101.02;0.4041;0;normal
2026-01-07 22:06:15;52.39;96.86;2.279;49.335;100.55;0.4086;0;normal
2026-01-07 22:06:16;52.19;99.01;2.341;49.191;105.94;0.4186;0;normal
2026-01-07 22:06:17;51.71;99.05;2.183;49.322;104.77;0.4131;0;normal
2026-01-07 22:06:18;53.21;99.96;2.173;49.288;105.07;0.4085;0;normal
2026-01-07 22:06:19;52.37;97.5;2.221;49.377;102.19;0.4068;0;normal
2026-01-07 22:06:20;52.86;98.14;2.357;49.28;101.21;0.4042;0;normal
2026-01-07 22:06:21;52.86;98.68;2.195;49.379;103.49;0.4207;0;normal
2026-01-07 22:06:22;52.83;97.74;2.155;49.361;102.5;0.4139;0;normal
2026-01-07 22:06:23;52.63;99.82;2.251;49.17;103.46;0.433;0;normal
2026-01-07 22:06:24;53.17;101.35;2.319;49.196;107.96;0.4281;0;normal
2026-01-07 22:06:25;53.07;101.97;2.255;49.211;106.36;0.4343;0;normal
2026-01-07 22:06:26;53.11;96.06;2.208;49.215;99.99;0.4129;0;normal
2026-01-07 22:06:27;53.98;100.3;2.104;49.349;102.22;0.4155;0;normal
2026-01-07 22:06:28;53.4;98.15;2.363;49.238;107.78;0.4149;0;normal
2026-01-07 22:06:29;53.62;100.09;2.118;49.198;103.91;0.4162;0;normal
2026-01-07 22:06:30;53.98;98.18;2.146;49.252;99.67;0.3996;0;normal
2026-01-07 22:06:31;53.51;98.05;2.185;49.465;97.17;0.383;0;normal
2026-01-07 22:06:32;52.95;93.67;2.037;49.429;95.94;0.3853;0;normal
2026-01-07 22:06:33;53.86;101.58;2.309;49.216;102.67;0.4181;0;normal
2026-01-07 22:06:34;54.05;103.25;2.186;49.206;107.68;0.4309;0;normal
2026-01-07 22:06:35;53.96;102.79;2.263;49.256;106.75;0.4361;0;normal
2026-01-07 22:06:36;54.12;99.81;2.248;49.176;102.44;0.4148;0;normal
2026-01-07 22:06:37;54.74;104.26;2.188;49.252;104.35;0.4234;0;normal
2026-01-07 22:06:38;54.11;101.94;2.085;49.158;104.98;0.4313;0;normal
2026-01-07 22:06:39;54.78;103.1;2.459;49.239;109.49;0.4299;0;normal
2026-01-07 22:06:40;55.07;102.52;2.229;49.308;101.88;0.4284;0;normal
2026-01-07 22:06:41;54.7;95.3;2.196;49.381;98.52;0.4075;0;normal
2026-01-07 22:06:42;55.31;104.21;2.186;49.146;108.09;0.433;0;normal
2026-01-07 22:06:43;55.76;100.13;2.207;49.311;102.89;0.418;0;normal
2026-01-07 22:06:44;55.11;100.95;2.305;49.243;107.82;0.4228;0;normal
2026-01-07 22:06:45;55.32;101.7;2.124;49.231;108.53;0.4302;0;normal
2026-01-07 22:06:46;54.59;107.71;2.271;49.208;110.01;0.4439;0;normal
2026-01-07 22:06:47;55.28;105.45;2.425;49.038;111.68;0.4578;0;normal
2026-01-07 22:06:48;55.34;100.32;2.183;49.259;105.93;0.4316;0;normal
2026-01-07 22:06:49;55.51;100.87;2.198;49.07;102.98;0.4152;0;normal
2026-01-07 22:06:50;55.62;99.85;2.21;49.259;103.26;0.4138;0;normal
2026-01-07 22:06:51;55.02;103.28;2.045;49.167;105.6;0.4269;0;normal
2026-01-07 22:06:52;55.34;97.54;2.228;49.343;103.36;0.4157;0;normal
2026-01-07 22:06:53;55.29;126.7;2.635;48.639;136.25;0.5892;0;normal
2026-01-07 22:06:54;55;146.24;3.021;48.311;160.32;0.7199;0;normal
2026-01-07 22:06:55;56.03;157.96;3.107;47.981;175.09;0.8109;0;normal
2026-01-07 22:06:56;56.98;169.45;3.291;47.856;184.65;0.8552;0;normal
2026-01-07 22:06:57;56.65;173.65;3.553;47.769;193.36;0.8951;0;normal
2026-01-07 22:06:58;56.59;175.63;3.539;47.671;198.12;0.9171;0;normal
2026-01-07 22:06:59;57.13;174.45;3.443;47.7;199.44;0.9157;0;normal
2026-01-07 22:07:00;57.53;174.47;3.402;47.663;194.24;0.906;0;normal
2026-01-07 22:07:01;58.47;177.25;3.44;47.637;196.32;0.9173;0;normal
2026-01-07 22:07:02;58.55;175.78;3.472;47.704;196.59;0.9108;0;normal
2026-01-07 22:07:03;58.29;176.55;3.653;47.57;200.61;0.9282;0;normal
2026-01-07 22:07:04;58.97;137.4;3.001;48.399;152.93;0.6926;0;normal
2026-01-07 22:07:05;58.31;116.07;2.438;48.983;125.08;0.5348;0;normal
2026-01-07 22:07:06;58.67;102.32;2.223;49.204;104;0.4428;0;normal
2026-01-07 22:07:07;58.79;98.22;2.148;49.332;96.04;0.3975;0;normal
2026-01-07 22:07:08;58.54;91.46;1.928;49.567;81.89;0.3455;0;normal
2026-01-07 22:07:09;58.95;83.58;1.745;49.622;77.66;0.3114;0;normal
2026-01-07 22:07:10;59.08;82.82;1.823;49.557;80.19;0.306;0;normal
2026-01-07 22:07:11;58.69;81.28;1.799;49.603;76.82;0.3023;0;normal
2026-01-07 22:07:12;58.63;84.77;1.85;49.64;81.56;0.3007;0;normal
2026-01-07 22:07:13;58.22;80.42;2.044;49.651;77.38;0.2969;0;normal
2026-01-07 22:07:14;58.1;69.65;1.634;49.871;64.42;0.2165;0;normal
2026-01-07 22:07:15;57.75;57.51;1.499;50.195;47.84;0.1469;0;normal
2026-01-07 22:07:16;57.84;57.65;1.427;50.312;43.56;0.117;0;normal
2026-01-07 22:07:17;58.21;53.34;1.224;50.326;43.93;0.1015;0;normal
2026-01-07 22:07:18;57.32;53.03;1.281;50.281;40.99;0.1075;0;normal
2026-01-07 22:07:19;58.18;51.63;1.372;50.369;39.51;0.0847;0;normal
2026-01-07 22:07:20;57.7;47.92;1.138;50.416;37.97;0.0746;0;normal
2026-01-07 22:07:21;57.32;47.49;1.299;50.39;35.59;0.0683;0;normal
2026-01-07 22:07:22;56.86;49.66;1.235;50.358;37.21;0.075;0;normal
2026-01-07 22:07:23;56.75;48.74;1.266;50.403;36.79;0.0751;0;normal
2026-01-07 22:07:24;56.73;46.28;1.317;50.437;27.83;0.0461;0;normal
2026-01-07 22:07:25;56.64;42.11;1.26;50.55;27.35;0.0361;0;normal
2026-01-07 22:07:26;56.4;43.41;1.303;50.494;34.11;0.0524;0;normal
2026-01-07 22:07:27;56.5;48.07;1.119;50.399;30.22;0.0585;0;normal
2026-01-07 22:07:28;55.16;50.79;1.177;50.478;32.89;0.0686;0;normal
2026-01-07 22:07:29;56.42;48.77;1.053;50.333;36.03;0.0625;0;normal
2026-01-07 22:07:30;55.97;51.17;1.272;50.38;32.96;0.0706;0;normal
2026-01-07 22:07:31;55.63;46.23;1.339;50.44;32.16;0.0575;0;normal
2026-01-07 22:07:32;55.66;45.45;1.251;50.303;32.72;0.0571;0;normal
2026-01-07 22:07:33;55.02;43.84;1.251;50.391;32.5;0.0546;0;normal
2026-01-07 22:07:34;54.92;42.84;1.183;50.456;30.38;0.0372;0;normal
2026-01-07 22:07:35;54.79;44.63;1.33;50.438;30.74;0.0561;0;normal
2026-01-07 22:07:36;56;44.96;1.209;50.483;31.32;0.0518;0;normal
2026-01-07 22:07:37;54.63;51.33;1.225;50.514;35.08;0.0753;0;normal
2026-01-07 22:07:38;54.76;43.83;1.277;50.522;28.53;0.0533;0;normal
2026-01-07 22:07:39;54.26;43.17;1.233;50.496;31.17;0.0483;0;normal
2026-01-07 22:07:40;54.51;44.17;1.077;50.449;29.31;0.0496;0;normal
2026-01-07 22:07:41;55.1;49.13;1.365;50.431;28.41;0.0612;0;normal
2026-01-07 22:07:42;54.57;48.43;1.319;50.333;36.12;0.0698;0;normal
2026-01-07 22:07:43;53.76;46.63;1.206;50.536;28.71;0.0444;0;normal
2026-01-07 22:07:44;54.32;47;1.16;50.518;28.83;0.0458;0;normal
2026-01-07 22:07:45;54.43;47.78;1.309;50.51;32.3;0.0563;0;normal
2026-01-07 22:07:46;54.19;46.34;1.404;50.383;33.88;0.0578;0;normal
2026-01-07 22:07:47;53.19;45.06;1.205;50.392;25.63;0.0555;0;normal
2026-01-07 22:07:48;53.83;44.45;1.213;50.5;33.08;0.0518;0;normal
2026-01-07 22:07:49;53.43;46.27;1.291;50.461;28.44;0.0527;0;normal
2026-01-07 22:07:50;53.85;49.85;1.199;50.359;38.51;0.0807;0;normal
2026-01-07 22:07:51;53.69;46.85;1.158;50.241;38.06;0.083;0;normal
2026-01-07 22:07:52;53.95;50.14;1.253;50.372;36.55;0.0838;0;normal
2026-01-07 22:07:53;53.55;47.72;1.279;50.329;37.4;0.076;0;normal
2026-01-07 22:07:54;53.5;49.83;1.357;50.366;36.16;0.0757;0;normal
2026-01-07 22:07:55;53.2;47.04;1.549;50.355;37.59;0.0646;0;normal
2026-01-07 22:07:56;53.05;47.62;1.356;50.285;35.06;0.0693;0;normal
2026-01-07 22:07:57;53.53;42.14;1.265;50.532;30.6;0.0428;0;normal
2026-01-07 22:07:58;53.31;48.03;1.414;50.369;33.09;0.0634;0;normal
2026-01-07 22:07:59;53.73;46.14;1.063;50.298;35.18;0.0658;0;normal
2026-01-07 22:08:00;53.13;53.26;1.47;50.255;43.1;0.1006;0;normal
2026-01-07 22:08:01;53.74;50.73;1.283;50.227;35.26;0.0837;0;normal
2026-01-07 22:08:02;52.85;48.85;1.226;50.266;38.75;0.0884;0;normal
2026-01-07 22:08:03;53.1;50.3;1.303;50.405;33.46;0.0719;0;normal
2026-01-07 22:08:04;53.29;49.21;1.211;50.413;35.92;0.0766;0;normal
2026-01-07 22:08:05;52.18;52.04;1.516;50.263;36.29;0.0884;0;normal
2026-01-07 22:08:06;52.92;49.25;1.279;50.371;32.98;0.0706;0;normal
2026-01-07 22:08:07;52.37;48.67;1.408;50.355;38.05;0.0732;0;normal
2026-01-07 22:08:08;52.31;47.16;1.355;50.559;26.19;0.0554;0;normal
2026-01-07 22:08:09;52.66;46.51;1.328;50.445;30.61;0.0495;0;normal
2026-01-07 22:08:10;52.08;46.96;1.272;50.377;31.18;0.0578;0;normal
2026-01-07 22:08:11;52.28;48.58;1.281;50.311;36.47;0.0756;0;normal
2026-01-07 22:08:12;52.53;52.04;1.403;50.422;37.67;0.0875;0;normal
2026-01-07 22:08:13;52.17;51.94;1.259;50.325;36.77;0.0856;0;normal
2026-01-07 22:08:14;52.6;51.36;1.246;50.31;33.77;0.0846;0;normal
2026-01-07 22:08:15;51.87;50.66;1.249;50.392;40.8;0.0815;0;normal
2026-01-07 22:08:16;52.61;47.69;1.251;50.52;37.33;0.0493;0;normal
2026-01-07 22:08:17;52.03;48.85;1.403;50.504;33.75;0.071;0;normal
2026-01-07 22:08:18;52.45;51.31;1.157;50.322;37.39;0.0823;0;normal
2026-01-07 22:08:19;51.61;51.19;1.502;50.322;39.48;0.0852;0;normal
2026-01-07 22:08:20;51.88;52.57;1.425;50.226;40.49;0.0994;0;normal
2026-01-07 22:08:21;51.63;51.09;1.455;50.335;34.36;0.0865;0;normal
2026-01-07 22:08:22;51.44;50.57;1.394;50.234;35.85;0.0793;0;normal
2026-01-07 22:08:23;51.6;44.86;1.388;50.392;31.83;0.0541;0;normal
2026-01-07 22:08:24;51.88;41.37;1.249;50.498;26.43;0.0357;0;normal
2026-01-07 22:08:25;51.74;44.98;1.242;50.521;32.32;0.0332;0;normal
2026-01-07 22:08:26;52.15;44.15;1.357;50.485;29.6;0.0536;0;normal
2026-01-07 22:08:27;51.45;48.9;1.242;50.36;34.14;0.0677;0;normal
2026-01-07 22:08:28;51.3;48.76;1.338;50.34;33.4;0.0701;0;normal
2026-01-07 22:08:29;51.01;45.75;1.393;50.556;33.72;0.0649;0;normal
2026-01-07 22:08:30;50.88;49.13;1.32;50.435;39.22;0.0876;0;normal
2026-01-07 22:08:31;51.39;51.63;1.501;50.303;37.02;0.0819;0;normal
2026-01-07 22:08:32;50.82;47.39;1.386;50.485;30.6;0.0722;0;normal
2026-01-07 22:08:33;51.22;66.45;1.671;49.895;61.05;0.2014;0;normal
2026-01-07 22:08:34;52.47;78.89;1.948;49.698;70.72;0.2755;0;normal
2026-01-07 22:08:35;51.62;86.32;1.908;49.482;82.81;0.3387;0;normal
2026-01-07 22:08:36;52.32;95.23;2.238;49.494;94.26;0.3783;0;normal
2026-01-07 22:08:37;52.06;95.38;2.014;49.311;96.44;0.3892;0;normal
2026-01-07 22:08:38;52.08;99.13;2.2;49.188;102.02;0.4164;0;normal
2026-01-07 22:08:39;51.66;101.24;2.063;49.263;96.92;0.4112;0;normal
2026-01-07 22:08:40;52.31;101.27;2.148;49.389;97.15;0.4087;0;normal
2026-01-07 22:08:41;52.28;101.87;2.135;49.32;97.33;0.3982;0;normal
2026-01-07 22:08:42;52.55;100.62;2.096;49.279;102.64;0.4038;0;normal
2026-01-07 22:08:43;52.32;97.63;2.139;49.376;95.74;0.4007;0;normal
2026-01-07 22:08:44;52.88;96.71;2.337;49.317;96.97;0.394;0;normal
2026-01-07 22:08:45;52.77;94.17;2.04;49.469;92.67;0.3797;0;normal
2026-01-07 22:08:46;53.42;98.19;2.034;49.429;94.7;0.3981;0;normal
2026-01-07 22:08:47;53.32;96.82;2.112;49.223;95.42;0.4028;0;normal
2026-01-07 22:08:48;52.65;123.2;2.579;48.844;132.26;0.571;0;normal
2026-01-07 22:08:49;53.5;141.82;3.111;48.348;150.91;0.6928;0;normal
2026-01-07 22:08:50;53.16;151.62;3.195;48.173;165.79;0.7635;0;normal
2026-01-07 22:08:51;54.37;159.76;3.133;48.087;176.6;0.8048;0;normal
2026-01-07 22:08:52;54.19;165.2;3.333;47.832;184.14;0.861;0;normal
2026-01-07 22:08:53;54.52;172.09;3.441;47.828;189.92;0.8824;0;normal
2026-01-07 22:08:54;54.58;170.48;3.39;47.92;190.11;0.8826;0;normal
2026-01-07 22:08:55;55.98;174.81;3.268;47.916;194.29;0.8913;0;normal
2026-01-07 22:08:56;56.34;176.5;3.543;47.617;193.17;0.9031;0;normal
2026-01-07 22:08:57;56.41;181.65;3.437;47.64;200.95;0.9255;0;normal
2026-01-07 22:08:58;55.59;178.82;3.466;47.613;194.19;0.9201;0;normal
2026-01-07 22:08:59;56.4;176.68;3.371;47.8;198.45;0.9307;0;normal
2026-01-07 22:09:00;56.32;177.37;3.414;47.725;195.89;0.9263;0;normal
2026-01-07 22:09:01;56.76;175.3;3.431;47.675;196.77;0.9267;0;normal
2026-01-07 22:09:02;57.67;178.42;3.411;47.722;198.75;0.9099;0;normal
2026-01-07 22:09:03;57.37;140.39;2.751;48.317;156.35;0.6946;0;normal
2026-01-07 22:09:04;57.41;122.76;2.465;48.804;127.27;0.5579;0;normal
2026-01-07 22:09:05;57.9;108.73;2.47;49.045;112.63;0.4693;0;normal
2026-01-07 22:09:06;57.95;98.02;2.165;49.415;101.49;0.4018;0;normal
2026-01-07 22:09:07;57.05;94.92;2.205;49.442;95.19;0.3728;0;normal
2026-01-07 22:09:08;57.35;95.42;2.106;49.449;93.68;0.3796;0;normal
2026-01-07 22:09:09;57.7;99.64;2.062;49.335;98.53;0.3934;0;normal
2026-01-07 22:09:10;58.38;101.22;2.268;49.296;97.11;0.401;0;normal
2026-01-07 22:09:11;57.53;101.29;2.402;49.239;104.5;0.4236;0;normal
2026-01-07 22:09:12;58.44;103.58;2.312;49.234;104.53;0.4308;0;normal
2026-01-07 22:09:13;57.9;102.79;2.101;49.332;102.27;0.4245;0;normal
2026-01-07 22:09:14;58.09;98.95;2.33;49.321;99.74;0.4015;0;normal
2026-01-07 22:09:15;58.5;97.45;2.172;49.389;98.03;0.4039;0;normal
2026-01-07 22:09:16;58.13;99.91;2.291;49.305;103.41;0.4102;0;normal
2026-01-07 22:09:17;58.42;101.57;2.325;49.179;103.29;0.4249;1;battery_fade
2026-01-07 22:09:18;56.98;101.05;2.279;49.252;106.72;0.4186;1;battery_fade
2026-01-07 22:09:19;58.68;101.2;2.413;49.221;101.05;0.4256;1;battery_fade
2026-01-07 22:09:20;57.82;103.25;2.355;49.31;106.93;0.4367;1;battery_fade
2026-01-07 22:09:21;57.98;105.31;2.285;49.265;107.82;0.437;1;battery_fade
2026-01-07 22:09:22;57.72;104.11;2.317;49.231;103;0.4278;1;battery_fade
2026-01-07 22:09:23;57.75;103.79;2.181;49.255;104.89;0.4263;1;battery_fade
2026-01-07 22:09:24;58.04;83.65;1.822;49.717;80.34;0.2997;1;battery_fade
2026-01-07 22:09:25;57.96;72.06;1.794;49.99;59.35;0.2051;1;battery_fade
2026-01-07 22:09:26;57.62;66.04;1.694;49.959;57.91;0.1737;1;battery_fade
2026-01-07 22:09:27;58.5;60.32;1.512;50.19;46.13;0.1397;1;battery_fade
2026-01-07 22:09:28;58.03;58.03;1.263;50.169;44.01;0.106;1;battery_fade
2026-01-07 22:09:29;57.49;51.52;1.437;50.299;36.99;0.0879;1;battery_fade
2026-01-07 22:09:30;57.6;54.59;1.492;50.214;40.69;0.1041;1;battery_fade
2026-01-07 22:09:31;57.01;51.42;1.242;50.235;42.47;0.0961;1;battery_fade
2026-01-07 22:09:32;56.88;52.69;1.422;50.328;36.33;0.0983;1;battery_fade
2026-01-07 22:09:33;57.56;47.75;1.232;50.197;38.94;0.0764;1;battery_fade
2026-01-07 22:09:34;56.66;50.39;1.215;50.309;39.15;0.0887;1;battery_fade
2026-01-07 22:09:35;56.4;48.7;1.332;50.194;36.04;0.072;1;battery_fade
2026-01-07 22:09:36;56.82;46.15;1.198;50.378;33.8;0.0596;1;battery_fade
2026-01-07 22:09:37;56.14;41.25;1.274;50.391;32.58;0.0502;1;battery_fade
2026-01-07 22:09:38;55.67;44.98;1.354;50.461;32.31;0.0522;1;battery_fade
2026-01-07 22:09:39;55.8;44.06;1.157;50.339;31.1;0.0493;1;battery_fade
2026-01-07 22:09:40;56.15;48.62;1.298;50.339;30.97;0.0647;1;battery_fade
2026-01-07 22:09:41;55.27;45.69;1.29;50.402;31.66;0.0587;1;battery_fade
2026-01-07 22:09:42;55.63;46.94;1.207;50.279;30.47;0.0691;1;battery_fade
2026-01-07 22:09:43;55.03;45.37;1.194;50.327;35.68;0.0589;1;battery_fade
2026-01-07 22:09:44;55.72;48.66;1.198;50.359;27.89;0.0543;1;battery_fade
2026-01-07 22:09:45;55.27;46.93;1.322;50.387;28.96;0.0541;1;battery_fade
2026-01-07 22:09:46;55.27;45.1;1.267;50.352;30.3;0.0525;1;battery_fade
2026-01-07 22:09:47;55.31;46.21;1.271;50.34;31.81;0.0542;1;battery_fade
2026-01-07 22:09:48;54.67;46.66;1.17;50.347;31.05;0.0549;1;battery_fade
2026-01-07 22:09:49;54.73;44.33;1.102;50.405;27.21;0.0382;1;battery_fade
2026-01-07 22:09:50;54.91;42.29;1.34;50.466;28.52;0.0261;1;battery_fade
2026-01-07 22:09:51;54.58;43.97;1.087;50.472;25.26;0.0299;1;battery_fade
2026-01-07 22:09:52;54.47;42.94;1.123;50.447;29.05;0.0301;1;battery_fade
2026-01-07 22:09:53;54.37;37.96;1.235;50.447;21.76;0.021;1;battery_fade
2026-01-07 22:09:54;54.22;43.84;1.133;50.34;27.58;0.039;1;battery_fade
2026-01-07 22:09:55;54.29;46.74;1.162;50.413;25.62;0.046;1;battery_fade
2026-01-07 22:09:56;54.47;48.42;1.324;50.363;30.15;0.0724;1;battery_fade
2026-01-07 22:09:57;54.2;45.89;1.231;50.383;22.19;0.0379;1;battery_fade
2026-01-07 22:09:58;53.45;46.18;1.287;50.436;27.26;0.0334;1;battery_fade
2026-01-07 22:09:59;53.77;43.85;1.14;50.398;26.03;0.0148;1;battery_fade
2026-01-07 22:10:00;53.7;44.87;1.293;50.47;29.64;0.0485;1;battery_fade
2026-01-07 22:10:01;53.97;46.72;1.331;50.405;30.12;0.0528;1;battery_fade
2026-01-07 22:10:02;53.38;43.84;1.218;50.414;22.11;0.0249;1;battery_fade
2026-01-07 22:10:03;53.49;44.91;1.095;50.332;31.28;0.0399;1;battery_fade
2026-01-07 22:10:04;53.04;41.97;1.183;50.418;31.9;0.0357;1;battery_fade
2026-01-07 22:10:05;53.17;66.53;1.661;49.959;48.95;0.1656;1;battery_fade
2026-01-07 22:10:06;52.7;78.27;1.832;49.797;68.26;0.2649;1;battery_fade
2026-01-07 22:10:07;53.77;85.07;1.837;49.448;76.93;0.3035;1;battery_fade
2026-01-07 22:10:08;53.19;87.03;2.275;49.434;82.24;0.343;1;battery_fade
2026-01-07 22:10:09;54.16;91.44;2.051;49.189;87.3;0.361;1;battery_fade
2026-01-07 22:10:10;53.8;91.88;1.899;49.266;90.82;0.3822;1;battery_fade
2026-01-07 22:10:11;53.19;97.01;2.037;49.21;91.72;0.3796;1;battery_fade
2026-01-07 22:10:12;53.04;99.92;2.17;49.224;98.82;0.4042;1;battery_fade
2026-01-07 22:10:13;53.5;100.07;2.081;49.07;100.81;0.4118;1;battery_fade
2026-01-07 22:10:14;53.42;101.37;2.361;49.097;98.2;0.4245;1;battery_fade
2026-01-07 22:10:15;53.42;106.57;2.236;49.091;101.2;0.4335;1;battery_fade
2026-01-07 22:10:16;54.06;105.5;2.34;49.061;102.9;0.4442;1;battery_fade
2026-01-07 22:10:17;54.4;105.53;2.39;49.117;109.2;0.4412;1;battery_fade
2026-01-07 22:10:18;53.63;106.67;2.149;49.066;104.94;0.4502;1;battery_fade
2026-01-07 22:10:19;54.1;105.21;2.226;49.214;103.13;0.4416;1;battery_fade
2026-01-07 22:10:20;54.39;105.72;2.151;49.029;106.37;0.4455;1;battery_fade
2026-01-07 22:10:21;54.32;101.47;2.136;49.121;102.43;0.4262;1;battery_fade
2026-01-07 22:10:22;54.14;99.35;2.151;49.147;103.67;0.4271;1;battery_fade
2026-01-07 22:10:23;55.08;103.61;2.306;48.959;106.1;0.4485;1;battery_fade
2026-01-07 22:10:24;55.41;106.35;2.146;49.018;105.19;0.4473;1;battery_fade
2026-01-07 22:10:25;55.08;105.49;2.081;49.091;102.25;0.4432;1;battery_fade
2026-01-07 22:10:26;55.37;98.65;2.208;49.132;98.95;0.4261;1;battery_fade
2026-01-07 22:10:27;55.42;103.17;2.482;49.186;99.85;0.425;1;battery_fade
2026-01-07 22:10:28;55.32;102.86;2.168;49.104;102.38;0.4216;1;battery_fade
2026-01-07 22:10:29;55.46;82.22;1.781;49.523;77.56;0.2987;1;battery_fade
2026-01-07 22:10:30;55.45;68.83;1.608;49.823;61.91;0.2169;1;battery_fade
2026-01-07 22:10:31;55.13;64.2;1.518;49.93;49.42;0.1623;1;battery_fade
2026-01-07 22:10:32;55.53;58.48;1.32;50.101;47.2;0.1301;1;battery_fade
2026-01-07 22:10:33;54.85;49.88;1.291;50.21;36.19;0.0942;1;battery_fade
2026-01-07 22:10:34;55.27;50.82;1.268;50.08;33.02;0.0762;1;battery_fade
2026-01-07 22:10:35;54.72;48.38;1.177;50.266;33.71;0.0656;1;battery_fade
2026-01-07 22:10:36;54.87;49.31;1.283;50.091;35.2;0.0596;1;battery_fade
2026-01-07 22:10:37;54.97;47.4;1.361;50.189;32.29;0.0696;1;battery_fade
2026-01-07 22:10:38;55.09;49.2;1.259;50.252;30.69;0.0709;1;battery_fade
2026-01-07 22:10:39;54.73;47.73;1.245;50.199;30.77;0.062;1;battery_fade
2026-01-07 22:10:40;54.81;44.92;1.349;50.414;34.73;0.0536;1;battery_fade
2026-01-07 22:10:41;53.89;49.71;1.331;50.208;32.4;0.0725;1;battery_fade
2026-01-07 22:10:42;54.53;47.39;1.385;50.31;31.73;0.0733;1;battery_fade
2026-01-07 22:10:43;55.02;45.18;1.189;50.267;30.29;0.0465;1;battery_fade
2026-01-07 22:10:44;54.16;45.41;1.461;50.328;27.92;0.0403;1;battery_fade
2026-01-07 22:10:45;54.29;45.01;1.186;50.31;30.62;0.0487;1;battery_fade
2026-01-07 22:10:46;53.42;43.04;1.215;50.355;27.66;0.0426;1;battery_fade
2026-01-07 22:10:47;53.72;43.08;1.087;50.287;29.79;0.0412;1;battery_fade
2026-01-07 22:10:48;53.57;47.63;1.395;50.159;35.2;0.0602;1;battery_fade
2026-01-07 22:10:49;54.03;50.96;1.318;50.208;38.39;0.0739;1;battery_fade
2026-01-07 22:10:50;53.4;50.49;1.118;50.172;38.67;0.0688;1;battery_fade
2026-01-07 22:10:51;53.87;47.11;1.492;50.161;34.88;0.0688;1;battery_fade
2026-01-07 22:10:52;52.96;48.64;1.211;50.318;29.15;0.0555;1;battery_fade
2026-01-07 22:10:53;53.17;45.63;1.293;50.349;31.39;0.0472;1;battery_fade
2026-01-07 22:10:54;53.6;45.86;1.266;50.282;32.73;0.0544;1;battery_fade
2026-01-07 22:10:55;53.51;49.78;1.401;50.131;34.09;0.0644;1;battery_fade
2026-01-07 22:10:56;52.83;67.12;1.573;49.834;53.56;0.1711;1;battery_fade
2026-01-07 22:10:57;53.69;79.28;1.815;49.584;72.87;0.273;1;battery_fade
2026-01-07 22:10:58;53.54;86.58;1.958;49.434;84.6;0.3309;1;battery_fade
2026-01-07 22:10:59;52.78;92.79;2.041;49.128;89.91;0.3725;1;battery_fade
2026-01-07 22:11:00;53.01;92.55;2.158;49.224;92.55;0.3731;1;battery_fade
2026-01-07 22:11:01;53.3;94.22;2.012;49.271;90.98;0.3835;1;battery_fade
2026-01-07 22:11:02;53.05;96.05;2.071;49.109;92.8;0.3928;1;battery_fade
2026-01-07 22:11:03;53.51;99.15;2.223;49.183;98;0.3954;1;battery_fade
2026-01-07 22:11:04;53.88;105.02;2.061;49.226;102.66;0.4256;1;battery_fade
2026-01-07 22:11:05;54.36;101.83;2.182;49.124;100.21;0.4142;1;battery_fade
2026-01-07 22:11:06;54.16;101.88;2.164;49.117;99.95;0.4251;1;battery_fade
2026-01-07 22:11:07;54.8;101.97;2.072;48.996;98.7;0.4267;1;battery_fade
2026-01-07 22:11:08;53.54;102.1;2.245;49.102;103.38;0.4179;1;battery_fade
2026-01-07 22:11:09;54.74;98.81;2.343;49.085;103.37;0.4236;1;battery_fade
2026-01-07 22:11:10;54.53;104.4;2.135;49.115;98.62;0.4211;1;battery_fade
2026-01-07 22:11:11;54.27;106.22;2.26;48.992;104.6;0.4411;1;battery_fade
2026-01-07 22:11:12;54.55;102.96;2.303;49.009;104.13;0.4288;1;battery_fade
2026-01-07 22:11:13;54.13;104;2.238;48.988;100.14;0.4178;1;battery_fade
2026-01-07 22:11:14;54.84;101.56;2.287;49.119;96.72;0.3991;1;battery_fade
2026-01-07 22:11:15;54.3;96;2.302;49.283;90.6;0.383;1;battery_fade
2026-01-07 22:11:16;54.55;92.43;2.174;49.274;93.64;0.3764;1;battery_fade
2026-01-07 22:11:17;54.34;97.62;2.216;49.111;98.41;0.3916;1;battery_fade
2026-01-07 22:11:18;55.16;99.99;2.099;49.187;101.36;0.4047;1;battery_fade
2026-01-07 22:11:19;54.6;99.6;2.235;49.17;100.69;0.4076;1;battery_fade
2026-01-07 22:11:20;55.59;101.52;2.305;49.057;105.48;0.4216;1;battery_fade
2026-01-07 22:11:21;56.03;103.62;2.247;49.023;108.65;0.4341;1;battery_fade
2026-01-07 22:11:22;55.42;105.6;2.196;49.015;105.61;0.4303;1;battery_fade
2026-01-07 22:11:23;55.44;100.22;2.194;49.111;101.41;0.4162;1;battery_fade
2026-01-07 22:11:24;55.41;105.19;2.109;49.05;110.37;0.4446;1;battery_fade
2026-01-07 22:11:25;55.63;103.24;2.124;49.092;104.05;0.4352;1;battery_fade
2026-01-07 22:11:26;55.63;104.75;1.915;49.01;105.38;0.4359;1;battery_fade
2026-01-07 22:11:27;54.97;103.32;2.041;48.964;105.51;0.4521;1;battery_fade
2026-01-07 22:11:28;55.53;99.91;2.096;49.006;108.34;0.4403;1;battery_fade
2026-01-07 22:11:29;55.93;100.82;2.155;49.117;108.76;0.4363;1;battery_fade
2026-01-07 22:11:30;55.91;104.12;2.115;49.051;102.92;0.4331;1;battery_fade
2026-01-07 22:11:31;56.22;105.87;2.165;48.965;107.22;0.4393;1;battery_fade
2026-01-07 22:11:32;55.68;102.94;2.22;49.127;108.07;0.4383;1;battery_fade
2026-01-07 22:11:33;55.76;98.53;2.208;49.091;99.66;0.4186;1;battery_fade
2026-01-07 22:11:34;55.89;97.7;2.138;49.152;102.89;0.398;1;battery_fade
2026-01-07 22:11:35;56.1;96.34;2.057;49.09;97.91;0.408;1;battery_fade
2026-01-07 22:11:36;55.7;99.46;2.131;48.955;101.34;0.4245;1;battery_fade
2026-01-07 22:11:37;55.94;100.11;2.23;49.012;98.81;0.424;1;battery_fade
2026-01-07 22:11:38;56.53;124.81;2.567;48.56;132.35;0.5867;1;battery_fade
2026-01-07 22:11:39;56.33;145.36;2.924;48.179;160.07;0.7073;1;battery_fade
2026-01-07 22:11:40;56.8;154.61;3.219;47.936;171.72;0.7844;1;battery_fade
2026-01-07 22:11:41;56.7;163.66;3.277;47.752;183.2;0.8448;1;battery_fade
2026-01-07 22:11:42;57.07;166.13;3.562;47.635;189.77;0.8686;1;battery_fade
2026-01-07 22:11:43;57.64;166.62;3.36;47.553;189.9;0.8881;1;battery_fade
2026-01-07 22:11:44;57.85;174.01;3.526;47.34;193.4;0.9011;1;battery_fade
2026-01-07 22:11:45;57.92;173.57;3.418;47.438;191.5;0.9041;1;battery_fade
2026-01-07 22:11:46;58.82;174.2;3.292;47.481;195.2;0.9191;1;battery_fade
2026-01-07 22:11:47;58.18;171.49;3.368;47.505;190.98;0.8904;1;battery_fade
2026-01-07 22:11:48;58.79;175.01;3.436;47.409;195.07;0.9087;1;battery_fade
2026-01-07 22:11:49;58.53;173.99;3.541;47.412;195.82;0.925;1;battery_fade
2026-01-07 22:11:50;59.82;173.43;3.337;47.599;196.67;0.9116;1;battery_fade
2026-01-07 22:11:51;59.93;171.11;3.357;47.533;189.73;0.8871;1;battery_fade
2026-01-07 22:11:52;60.29;168.7;3.204;47.551;188.63;0.8843;1;battery_fade
2026-01-07 22:11:53;59.34;139.32;2.758;48.164;151.44;0.6716;1;battery_fade
2026-01-07 22:11:54;60.37;117.46;2.575;48.723;122.57;0.529;1;battery_fade
2026-01-07 22:11:55;60.12;106.17;2.341;48.918;107.9;0.4557;1;battery_fade
2026-01-07 22:11:56;59.61;97.56;2.227;49.074;104.24;0.4075;1;battery_fade
2026-01-07 22:11:57;60.04;96.16;1.954;49.156;95.59;0.3793;1;battery_fade
2026-01-07 22:11:58;59.59;76.23;1.838;49.477;73.75;0.2675;1;battery_fade
2026-01-07 22:11:59;59.84;69.52;1.603;49.787;57.51;0.2022;1;battery_fade
2026-01-07 22:12:00;59.28;61.62;1.536;49.738;52.13;0.1589;1;battery_fade
2026-01-07 22:12:01;59.49;59.82;1.489;49.879;43.74;0.1269;1;battery_fade
2026-01-07 22:12:02;59.76;53.32;1.385;50.062;43.48;0.1097;1;battery_fade
2026-01-07 22:12:03;59.38;51.63;1.311;49.961;39.39;0.1068;1;battery_fade
2026-01-07 22:12:04;59.29;56.36;1.257;49.923;41.61;0.1079;1;battery_fade
2026-01-07 22:12:05;58.78;53.84;1.392;50.019;44.19;0.0991;1;battery_fade
2026-01-07 22:12:06;58.95;50.85;1.365;50.05;41.49;0.0952;1;battery_fade
2026-01-07 22:12:07;58.56;49.28;1.294;50.031;36.59;0.0917;1;battery_fade
2026-01-07 22:12:08;57.8;50.14;1.231;50.076;32.74;0.0806;1;battery_fade
2026-01-07 22:12:09;58.32;47.82;1.243;50.098;31.07;0.0649;1;battery_fade
2026-01-07 22:12:10;58.5;44.57;1.181;50.218;33.93;0.0575;1;battery_fade
2026-01-07 22:12:11;57.79;45.51;1.219;50.22;30.3;0.0443;1;battery_fade
2026-01-07 22:12:12;57.49;49.05;1.323;50.152;33.19;0.0592;1;battery_fade
2026-01-07 22:12:13;56.94;46.99;1.148;50.1;34.14;0.0729;1;battery_fade
2026-01-07 22:12:14;57.47;50.6;1.194;50.14;33.84;0.0741;1;battery_fade
2026-01-07 22:12:15;56.47;44.74;1.405;50.101;33.72;0.0683;1;battery_fade
2026-01-07 22:12:16;57.38;48.09;1.421;50.052;34.27;0.0808;1;battery_fade
2026-01-07 22:12:17;56.76;50.46;1.385;50.036;39.45;0.0791;1;battery_fade
2026-01-07 22:12:18;57.19;48.71;1.428;50.072;35.47;0.0674;1;battery_fade
2026-01-07 22:12:19;56.71;50.95;1.238;49.974;37.74;0.0808;1;battery_fade
2026-01-07 22:12:20;56.5;48.19;1.325;50.105;36.69;0.0734;1;battery_fade
2026-01-07 22:12:21;56.82;52.97;1.347;50.099;39.97;0.0793;1;battery_fade
2026-01-07 22:12:22;56.1;50.69;1.371;50.129;38.29;0.0813;1;battery_fade
2026-01-07 22:12:23;56;50.05;1.398;50.058;38.23;0.0884;1;battery_fade
2026-01-07 22:12:24;56.39;52.6;1.184;49.888;37.22;0.0914;1;battery_fade
2026-01-07 22:12:25;56.22;44.37;1.393;50.046;38.27;0.0655;1;battery_fade
2026-01-07 22:12:26;55.96;49.08;1.285;50.139;36.35;0.0599;1;battery_fade
2026-01-07 22:12:27;55.99;46.9;1.171;50.106;34.02;0.054;1;battery_fade
2026-01-07 22:12:28;55.58;48.69;1.13;50.268;32.75;0.0451;1;battery_fade
2026-01-07 22:12:29;55.36;43.64;1.076;50.17;32.65;0.0502;1;battery_fade
2026-01-07 22:12:30;55.32;47.26;1.278;50.142;29.2;0.0369;1;battery_fade
2026-01-07 22:12:31;55.23;44.76;1.208;50.087;31.83;0.055;1;battery_fade
2026-01-07 22:12:32;55.07;47.16;1.34;50.027;33.9;0.0564;1;battery_fade
2026-01-07 22:12:33;55.24;47.22;1.133;49.985;29.89;0.0536;1;battery_fade
2026-01-07 22:12:34;54.56;50.22;1.205;49.868;35.45;0.0814;1;battery_fade
2026-01-07 22:12:35;54.93;47.67;1.304;50.05;36.41;0.069;1;battery_fade
2026-01-07 22:12:36;54.9;44.9;1.112;50.044;32.54;0.04;1;battery_fade
2026-01-07 22:12:37;54.52;47.77;1.199;50.203;28.94;0.0468;1;battery_fade
2026-01-07 22:12:38;53.88;51.77;1.305;49.989;34.56;0.0733;1;battery_fade
2026-01-07 22:12:39;54.18;50.43;1.184;50.034;34.11;0.0805;1;battery_fade
2026-01-07 22:12:40;54.32;50.14;1.119;50.102;33.51;0.0686;1;battery_fade
2026-01-07 22:12:41;53.98;47.77;1.336;50.04;34.42;0.0657;1;battery_fade
2026-01-07 22:12:42;54.06;49.16;1.234;50.067;33.09;0.0601;1;battery_fade
2026-01-07 22:12:43;54.27;46.68;1.284;50.129;34.2;0.0537;1;battery_fade
2026-01-07 22:12:44;53.71;44.72;1.168;50.123;31.61;0.0407;1;battery_fade
2026-01-07 22:12:45;54.28;50.62;1.082;50.075;36.19;0.0665;1;battery_fade
2026-01-07 22:12:46;54.3;47.01;1.279;50.061;37.11;0.0654;1;battery_fade
2026-01-07 22:12:47;54.12;48.69;1.326;50.089;35.92;0.0757;1;battery_fade
2026-01-07 22:12:48;53.32;47.52;1.204;50.141;33.42;0.0606;1;battery_fade
2026-01-07 22:12:49;53.03;46.26;1.154;49.994;37.05;0.066;1;battery_fade
2026-01-07 22:12:50;53.03;45;1.338;50.066;34.21;0.0506;1;battery_fade
2026-01-07 22:12:51;53.02;50.18;1.316;49.996;36.11;0.0705;1;battery_fade
2026-01-07 22:12:52;53.38;48.52;1.307;49.918;37.69;0.0781;1;battery_fade
2026-01-07 22:12:53;53.21;47.42;1.238;50.027;31.44;0.0635;1;battery_fade
2026-01-07 22:12:54;53.5;49.31;1.373;49.916;41.31;0.0869;1;battery_fade
2026-01-07 22:12:55;53.7;49.81;1.235;50.075;34.33;0.0757;1;battery_fade
2026-01-07 22:12:56;52.74;47.08;1.278;50.192;31.17;0.0516;1;battery_fade
2026-01-07 22:12:57;53.57;44.1;1.204;50.006;35.7;0.055;1;battery_fade
2026-01-07 22:12:58;52.81;43.74;1.155;50.066;34.34;0.0348;1;battery_fade
2026-01-07 22:12:59;52.05;43.18;1.169;50.113;29.63;0.0433;1;battery_fade
2026-01-07 22:13:00;53.27;48.57;1.186;50.02;25.92;0.0459;1;battery_fade
2026-01-07 22:13:01;52.53;46.04;1.291;50.008;32.32;0.0538;1;battery_fade
2026-01-07 22:13:02;52.68;44.66;1.296;50.057;30.16;0.0546;1;battery_fade
2026-01-07 22:13:03;51.91;43.08;1.254;50.08;27.09;0.0423;1;battery_fade
2026-01-07 22:13:04;52.26;42.79;1.289;50.083;32.04;0.0357;1;battery_fade
2026-01-07 22:13:05;52.31;49.21;1.16;50.049;34.12;0.0646;1;battery_fade
2026-01-07 22:13:06;52;47.91;1.145;50.021;31.41;0.0679;1;battery_fade
2026-01-07 22:13:07;52.01;44.55;1.318;50.196;28.62;0.0537;1;battery_fade
2026-01-07 22:13:08;52.35;46.41;1.32;50.101;36.63;0.0562;1;battery_fade
2026-01-07 22:13:09;52.52;48.07;1.301;50.077;34.3;0.0715;1;battery_fade
2026-01-07 22:13:10;51.82;49.4;1.322;50.009;34.07;0.0739;1;battery_fade
2026-01-07 22:13:11;52.37;48.68;1.114;50.071;36.94;0.0667;1;battery_fade
2026-01-07 22:13:12;51.9;46.46;1.391;50.022;32.59;0.0677;1;battery_fade
2026-01-07 22:13:13;52.56;47.31;1.308;50.018;34.25;0.0677;1;battery_fade
2026-01-07 22:13:14;52.04;48.18;1.151;50.005;33.81;0.0708;1;battery_fade
2026-01-07 22:13:15;52.46;44.2;1.118;49.998;34.9;0.0654;1;battery_fade
2026-01-07 22:13:16;51.89;66.6;1.552;49.501;61.59;0.1995;1;battery_fade
2026-01-07 22:13:17;52.02;80.04;1.896;49.292;71.04;0.2857;1;battery_fade
2026-01-07 22:13:18;52.35;86.54;1.795;49.158;85.61;0.326;1;battery_fade
2026-01-07 22:13:19;51.63;91.37;1.814;49.159;87.29;0.3443;1;battery_fade
2026-01-07 22:13:20;52.67;90.14;1.885;48.99;89.24;0.3528;1;battery_fade
2026-01-07 22:13:21;53.05;95.6;1.852;49.023;92.74;0.376;1;battery_fade
2026-01-07 22:13:22;52.8;95.21;2.153;48.949;93.83;0.388;1;battery_fade
2026-01-07 22:13:23;52.66;98.13;2.016;49.018;95.09;0.3925;1;battery_fade
2026-01-07 22:13:24;52.41;96.72;1.941;48.89;95.8;0.3892;1;battery_fade
2026-01-07 22:13:25;52.65;100.67;2.185;48.907;98.51;0.4206;1;battery_fade
2026-01-07 22:13:26;52.73;100.3;2.135;48.94;97.57;0.4133;1;battery_fade
2026-01-07 22:13:27;53.2;102.32;2.146;48.866;105.2;0.4265;1;battery_fade
2026-01-07 22:13:28;53.11;103.16;2.175;48.772;102.5;0.4213;1;battery_fade
2026-01-07 22:13:29;53;103.1;2.294;48.872;102.68;0.4238;1;battery_fade
2026-01-07 22:13:30;53.08;105.09;2.166;48.829;99.9;0.4228;1;battery_fade
2026-01-07 22:13:31;52.93;101.42;2.134;48.91;102.58;0.4213;1;battery_fade
2026-01-07 22:13:32;53.63;101.7;2.272;48.873;101.19;0.4245;1;battery_fade
2026-01-07 22:13:33;53.68;101.26;2.172;48.962;100.5;0.4228;1;battery_fade
2026-01-07 22:13:34;54.06;99.96;2.171;48.899;98.37;0.4184;1;battery_fade
2026-01-07 22:13:35;54.07;103.05;2.217;48.838;97.96;0.4272;1;battery_fade
2026-01-07 22:13:36;54.63;104.75;2.341;48.824;102.64;0.439;1;battery_fade
2026-01-07 22:13:37;54.38;100.32;2.452;48.942;101.07;0.4217;1;battery_fade
2026-01-07 22:13:38;53.92;101.16;2.31;48.734;103.6;0.4254;1;battery_fade
2026-01-07 22:13:39;54.4;105.01;2.232;48.785;103.31;0.4303;1;battery_fade
2026-01-07 22:13:40;54.61;100.08;2.106;48.931;100.75;0.4135;1;battery_fade
2026-01-07 22:13:41;53.92;100.67;2.056;48.912;98.88;0.4252;1;battery_fade
2026-01-07 22:13:42;54.39;103.32;2.278;48.816;102.19;0.4285;1;battery_fade
2026-01-07 22:13:43;54.39;104.01;2.245;48.879;105.76;0.4274;1;battery_fade
2026-01-07 22:13:44;54.02;102.21;2.231;48.867;101.49;0.414;1;battery_fade
2026-01-07 22:13:45;54.78;103.54;2.302;48.854;103.59;0.4264;1;battery_fade
2026-01-07 22:13:46;55.06;110.19;2.249;48.663;113.33;0.4625;1;battery_fade
2026-01-07 22:13:47;54.67;109.88;2.438;48.67;112.2;0.4684;1;battery_fade
2026-01-07 22:13:48;55.45;104.26;2.365;48.87;105.73;0.4329;1;battery_fade
2026-01-07 22:13:49;54.88;107.67;2.231;48.765;110.28;0.4554;1;battery_fade
2026-01-07 22:13:50;55.59;101.42;2.18;48.793;101.27;0.431;1;battery_fade
2026-01-07 22:13:51;55.66;133.95;2.927;48.269;145.19;0.6357;1;battery_fade
2026-01-07 22:13:52;56.11;152.19;3.039;47.91;164.98;0.7531;1;battery_fade
2026-01-07 22:13:53;56.07;158.97;3.242;47.501;178.59;0.819;1;battery_fade
2026-01-07 22:13:54;56.94;166.82;3.441;47.532;184.77;0.8547;1;battery_fade
2026-01-07 22:13:55;56.48;168.8;3.407;47.341;191.77;0.86;1;battery_fade
2026-01-07 22:13:56;56.82;172.41;3.54;47.41;192.23;0.8873;1;battery_fade
2026-01-07 22:13:57;57.22;168.38;3.392;47.475;191.84;0.8801;1;battery_fade
2026-01-07 22:13:58;57.79;172.84;3.494;47.351;198.44;0.9075;1;battery_fade
2026-01-07 22:13:59;57.79;143.21;2.866;47.897;159.5;0.7068;1;battery_fade
2026-01-07 22:14:00;57.54;119.87;2.55;48.428;128.41;0.5436;1;battery_fade
2026-01-07 22:14:01;56.97;108.12;2.364;48.701;109.55;0.4602;1;battery_fade
2026-01-07 22:14:02;58.18;98.82;2.189;48.861;100.93;0.4016;1;battery_fade
2026-01-07 22:14:03;57.88;92.66;2.192;48.978;94.66;0.3691;1;battery_fade
2026-01-07 22:14:04;57.9;86.55;1.96;49.05;85.47;0.319;1;battery_fade
2026-01-07 22:14:05;57.41;95.3;1.941;48.931;94.62;0.3836;1;battery_fade
2026-01-07 22:14:06;57.69;93.5;2.245;48.902;94.14;0.3857;1;battery_fade
2026-01-07 22:14:07;58.28;94.5;2.078;48.834;93.27;0.3843;1;battery_fade
2026-01-07 22:14:08;57.67;96;2.029;48.873;98.06;0.3867;1;battery_fade
2026-01-07 22:14:09;58.64;100.95;2.181;48.776;96.76;0.4151;1;battery_fade
2026-01-07 22:14:10;57.95;103.31;2.217;48.779;104.28;0.4221;1;battery_fade
2026-01-07 22:14:11;57.51;100.96;2.028;48.851;105.51;0.4133;1;battery_fade
2026-01-07 22:14:12;57.38;97.58;2.232;48.793;105.6;0.4108;1;battery_fade
2026-01-07 22:14:13;57.25;97.92;2.262;48.843;100.27;0.4108;1;battery_fade
2026-01-07 22:14:14;58.19;104.02;2.168;48.741;103.78;0.4236;1;battery_fade
2026-01-07 22:14:15;57.84;101.46;2.184;48.679;105.88;0.4299;1;battery_fade
2026-01-07 22:14:16;57.99;97.92;2.323;48.696;104.53;0.4274;1;battery_fade
2026-01-07 22:14:17;58.7;103.71;2.371;48.798;101.16;0.4249;1;battery_fade
2026-01-07 22:14:18;58.33;98.58;2.45;48.814;101.19;0.4202;1;battery_fade
2026-01-07 22:14:19;58.2;101.43;2.284;48.761;105.64;0.4266;1;battery_fade
2026-01-07 22:14:20;57.89;101.8;2.268;48.87;95.58;0.4173;1;battery_fade
2026-01-07 22:14:21;57.68;100.36;2.392;48.651;101.91;0.4146;1;battery_fade
2026-01-07 22:14:22;58.19;130.33;2.704;48.101;139.39;0.612;1;battery_fade
2026-01-07 22:14:23;58.13;143.38;3.103;47.752;158.5;0.7135;1;battery_fade
2026-01-07 22:14:24;58.38;151.74;3.208;47.584;167.85;0.7702;1;battery_fade
2026-01-07 22:14:25;58.77;161.18;3.3;47.917;177.32;0.8193;0;normal
2026-01-07 22:14:26;58.8;166.73;3.398;47.788;188.95;0.8756;0;normal
2026-01-07 22:14:27;59.01;171.39;3.381;47.749;190.33;0.8836;0;normal
2026-01-07 22:14:28;59.77;170.8;3.333;47.618;190.54;0.8937;0;normal
2026-01-07 22:14:29;59.78;174.57;3.551;47.669;196.84;0.9065;0;normal
2026-01-07 22:14:30;59.76;174.54;3.522;47.563;199.44;0.9108;0;normal
2026-01-07 22:14:31;60.24;173.31;3.668;47.599;200.69;0.9153;0;normal
2026-01-07 22:14:32;60.46;175.92;3.45;47.631;194.58;0.9126;0;normal
2026-01-07 22:14:33;60.79;176.43;3.374;47.679;197.77;0.9235;0;normal
2026-01-07 22:14:34;60.89;142.42;2.839;48.332;153.16;0.6854;0;normal
2026-01-07 22:14:35;60.55;122.77;2.526;48.709;128.86;0.5605;0;normal
2026-01-07 22:14:36;60.74;109.39;2.243;49.033;112.52;0.4696;0;normal
2026-01-07 22:14:37;60.43;95.44;2.006;49.277;102.55;0.4022;0;normal
2026-01-07 22:14:38;60.29;91.53;2.002;49.476;92.7;0.363;0;normal
2026-01-07 22:14:39;60.54;86.41;1.97;49.487;89.26;0.348;0;normal
2026-01-07 22:14:40;60.33;87.36;1.868;49.552;84.5;0.3348;0;normal
2026-01-07 22:14:41;60.62;86.71;1.849;49.585;83.85;0.3232;0;normal
2026-01-07 22:14:42;61.12;86.84;1.863;49.457;88.68;0.325;0;normal
2026-01-07 22:14:43;60.25;79.64;1.785;49.601;83.42;0.2968;0;normal
2026-01-07 22:14:44;60.24;67.89;1.487;49.945;56.71;0.203;0;normal
2026-01-07 22:14:45;59.38;58.1;1.65;50.088;48.35;0.1427;0;normal
2026-01-07 22:14:46;59.72;51.86;1.462;50.09;44.19;0.1234;0;normal
2026-01-07 22:14:47;59.49;53.58;1.315;50.234;40.42;0.1026;0;normal
2026-01-07 22:14:48;59.56;51.58;1.392;50.304;41.3;0.0881;0;normal
2026-01-07 22:14:49;58.6;45.32;1.215;50.391;35.81;0.0692;0;normal
2026-01-07 22:14:50;58.79;46.45;1.135;50.428;32.66;0.0634;0;normal
2026-01-07 22:14:51;58.98;48.35;1.314;50.428;36.4;0.0695;0;normal
2026-01-07 22:14:52;58.46;49.46;1.375;50.356;35.79;0.075;0;normal
2026-01-07 22:14:53;58.48;45.86;1.294;50.401;35.14;0.0615;0;normal
2026-01-07 22:14:54;58.94;45.41;1.277;50.435;32.72;0.0536;0;normal
2026-01-07 22:14:55;58.27;47.64;1.486;50.395;37.01;0.0727;0;normal
2026-01-07 22:14:56;57.97;43.78;1.261;50.398;34.34;0.058;0;normal
2026-01-07 22:14:57;57.43;45.13;1.283;50.464;35.87;0.0571;0;normal
2026-01-07 22:14:58;57.29;47.84;1.195;50.301;29.6;0.062;0;normal
2026-01-07 22:14:59;57.02;46.95;1.234;50.297;27.31;0.0677;0;normal
2026-01-07 22:15:00;57.02;47.5;1.284;50.334;32.1;0.0715;0;normal
2026-01-07 22:15:01;57.1;45.47;1.285;50.452;31.71;0.0545;0;normal
2026-01-07 22:15:02;56.99;49.01;1.131;50.232;37.96;0.0796;0;normal
2026-01-07 22:15:03;56.63;50.3;1.199;50.275;33.06;0.0806;0;normal
2026-01-07 22:15:04;56.42;45.35;1.182;50.448;33.87;0.0528;0;normal
2026-01-07 22:15:05;57.08;44.1;1.108;50.352;30.23;0.0497;0;normal
2026-01-07 22:15:06;55.39;43.86;1.127;50.38;29.54;0.0519;0;normal
2026-01-07 22:15:07;56;46.56;1.189;50.296;29.54;0.0579;0;normal
2026-01-07 22:15:08;55.32;42.21;1.135;50.535;26.76;0.0411;0;normal
2026-01-07 22:15:09;56.04;45.54;1.135;50.337;29.45;0.0483;0;normal
2026-01-07 22:15:10;55.57;44.05;1.067;50.423;28.81;0.0461;0;normal
2026-01-07 22:15:11;55.18;42.44;1.04;50.429;29.22;0.0348;0;normal
2026-01-07 22:15:12;55.43;40.16;1.022;50.453;26.95;0.0281;0;normal
2026-01-07 22:15:13;55.05;47.29;1.104;50.338;38.87;0.0773;0;normal
2026-01-07 22:15:14;55.44;48.04;1.269;50.396;39.18;0.0688;0;normal
2026-01-07 22:15:15;54.87;45.92;1.177;50.424;36.18;0.0689;0;normal
2026-01-07 22:15:16;55.1;44.42;1.248;50.301;37.51;0.0792;0;normal
2026-01-07 22:15:17;54.79;46.57;1.107;50.329;33.45;0.052;0;normal
2026-01-07 22:15:18;55.4;47.13;1.071;50.371;32.44;0.057;0;normal
2026-01-07 22:15:19;54.86;43.84;1.16;50.443;28.46;0.0511;0;normal
2026-01-07 22:15:20;54.25;46.37;1.175;50.409;27.27;0.0597;0;normal
2026-01-07 22:15:21;54.11;43.42;1.277;50.351;35.12;0.0597;0;normal
2026-01-07 22:15:22;54.01;49.37;1.268;50.365;38.09;0.074;0;normal
2026-01-07 22:15:23;54.58;47;1.165;50.506;34.23;0.0687;0;normal
2026-01-07 22:15:24;54.23;47.59;1.222;50.367;34.72;0.0658;0;normal
2026-01-07 22:15:25;54.39;49.08;1.21;50.337;35.53;0.0669;0;normal
2026-01-07 22:15:26;54.18;47.71;1.112;50.412;30.31;0.0576;0;normal
2026-01-07 22:15:27;54.64;49.72;1.047;50.422;35.48;0.0641;0;normal
2026-01-07 22:15:28;53.79;50.65;1.282;50.441;35.58;0.0708;0;normal
2026-01-07 22:15:29;54.18;47.35;1.303;50.456;33.19;0.0589;0;normal
2026-01-07 22:15:30;53.74;44.83;1.131;50.508;25.95;0.0444;0;normal
2026-01-07 22:15:31;53.83;39.42;1.136;50.646;27.49;0.0239;0;normal
2026-01-07 22:15:32;53.84;48.15;1.162;50.424;32.41;0.0655;0;normal
2026-01-07 22:15:33;53.65;48.62;1.256;50.461;36.14;0.0737;0;normal
2026-01-07 22:15:34;52.84;43.19;1.281;50.458;33.7;0.0611;0;normal
2026-01-07 22:15:35;53.84;42.03;1.264;50.462;28.81;0.0478;0;normal
2026-01-07 22:15:36;53.02;48.46;1.293;50.469;34.8;0.0589;0;normal
2026-01-07 22:15:37;53.27;41.11;1.075;50.558;23.85;0.0335;0;normal
2026-01-07 22:15:38;52.44;46.8;1.249;50.371;34.2;0.0616;0;normal
2026-01-07 22:15:39;53.02;47.54;1.283;50.326;36.04;0.0616;0;normal
2026-01-07 22:15:40;52.64;48.01;1.225;50.408;36.01;0.0676;0;normal
2026-01-07 22:15:41;52.57;48.13;1.194;50.381;37.98;0.0723;0;normal
2026-01-07 22:15:42;52.96;52.79;1.375;50.254;41.08;0.093;0;normal
2026-01-07 22:15:43;52.36;47.54;1.127;50.469;32.67;0.0633;0;normal
2026-01-07 22:15:44;52.42;49.46;1.216;50.252;35.77;0.0722;0;normal
2026-01-07 22:15:45;52.33;48.82;1.385;50.395;35.23;0.0783;0;normal
2026-01-07 22:15:46;52.41;52.27;1.229;50.235;40.03;0.0788;0;normal
2026-01-07 22:15:47;53.19;48.57;1.118;50.377;33.95;0.0643;0;normal
2026-01-07 22:15:48;52.5;49.05;1.381;50.421;36.39;0.0638;0;normal
2026-01-07 22:15:49;52.74;69.43;1.455;49.974;62.51;0.2;0;normal
2026-01-07 22:15:50;52.57;77.94;1.712;49.681;78.72;0.2618;0;normal
2026-01-07 22:15:51;53.12;84.08;1.728;49.621;81.17;0.3118;0;normal
2026-01-07 22:15:52;52.79;88.13;1.868;49.498;91.92;0.3494;0;normal
2026-01-07 22:15:53;53.29;96.87;1.975;49.528;91.59;0.3629;0;normal
2026-01-07 22:15:54;53.01;95.13;2.113;49.428;100.64;0.396;0;normal
2026-01-07 22:15:55;52.87;96.99;2.008;49.415;99.97;0.3941;0;normal
2026-01-07 22:15:56;53.52;99.1;2.082;49.373;104.44;0.4056;0;normal
2026-01-07 22:15:57;53.12;93.56;2.073;49.289;96.94;0.3881;0;normal
2026-01-07 22:15:58;53.41;100.17;2.195;49.315;98.99;0.4059;0;normal
2026-01-07 22:15:59;53.22;99.8;2.145;49.253;106.21;0.4202;0;normal
2026-01-07 22:16:00;53.91;99.47;2.011;49.263;102.9;0.4059;0;normal
2026-01-07 22:16:01;53.92;98.2;2.094;49.308;103.83;0.4104;0;normal
2026-01-07 22:16:02;53.94;100.15;1.901;49.209;104.68;0.4181;0;normal
2026-01-07 22:16:03;54.78;101.92;2.132;49.312;102.87;0.4142;0;normal
2026-01-07 22:16:04;54.15;102.21;2.172;49.284;98.98;0.4126;0;normal
2026-01-07 22:16:05;54.05;96.44;2.3;49.326;99.96;0.4024;0;normal
2026-01-07 22:16:06;53.49;101.46;2.151;49.431;104.32;0.4199;0;normal
2026-01-07 22:16:07;54.55;101.27;2.127;49.307;102.19;0.4147;0;normal
2026-01-07 22:16:08;54.49;96.67;2.103;49.272;98.67;0.402;0;normal
2026-01-07 22:16:09;55.03;101.25;1.975;49.35;99.76;0.3984;0;normal
2026-01-07 22:16:10;54.89;100.27;2.154;49.295;98.67;0.4053;0;normal
2026-01-07 22:16:11;54.26;100.84;2.101;49.315;96.35;0.3954;0;normal
2026-01-07 22:16:12;54.64;99.99;2.174;49.281;102.77;0.4162;0;normal
2026-01-07 22:16:13;54.4;102.08;2.299;49.221;103.13;0.4262;0;normal
2026-01-07 22:16:14;55.21;101.94;2.213;49.234;99.32;0.4171;0;normal
2026-01-07 22:16:15;54.59;101.76;2.042;49.337;97.02;0.4097;0;normal
2026-01-07 22:16:16;55.09;103.4;2.089;49.189;106.64;0.4277;0;normal
2026-01-07 22:16:17;54.92;104.01;2.259;49.165;106.72;0.4428;0;normal
2026-01-07 22:16:18;55.02;101.95;2.259;49.149;107.3;0.4282;0;normal
2026-01-07 22:16:19;54.79;104.19;2.228;49.076;106.08;0.4371;0;normal
2026-01-07 22:16:20;55.28;103.26;2.128;49.22;101.65;0.4378;0;normal
2026-01-07 22:16:21;54.88;104.18;2.405;49.161;104.09;0.4388;0;normal
2026-01-07 22:16:22;55.55;103.46;2.43;49.109;103.37;0.4293;0;normal
2026-01-07 22:16:23;55.05;102;2.342;49.242;102.06;0.4228;0;normal
2026-01-07 22:16:24;55.64;101.79;2.061;49.244;99.86;0.4157;0;normal
2026-01-07 22:16:25;55.71;99.8;2.274;49.227;100.97;0.4099;0;normal
2026-01-07 22:16:26;56.13;98.58;2.144;49.364;94.61;0.3994;0;normal
2026-01-07 22:16:27;55.82;100.58;2.234;49.2;102.98;0.4229;0;normal
2026-01-07 22:16:28;56.13;102.05;2.202;49.191;100.65;0.4275;0;normal
2026-01-07 22:16:29;55.55;104.47;2.012;49.22;105.01;0.4204;0;normal
2026-01-07 22:16:30;55.66;103.41;2.18;49.193;102.43;0.4256;0;normal
2026-01-07 22:16:31;56.57;103.59;2.242;49.183;97.96;0.4305;0;normal
2026-01-07 22:16:32;56.05;101.44;2.176;49.16;103.47;0.4303;0;normal
2026-01-07 22:16:33;56.03;129.35;2.646;48.668;134.9;0.597;0;normal
2026-01-07 22:16:34;56.01;142.31;2.825;48.315;157.52;0.7026;0;normal
2026-01-07 22:16:35;56.66;159.83;3.163;47.982;172.08;0.7936;0;normal
2026-01-07 22:16:36;56.54;165.8;3.341;47.842;180.82;0.843;0;normal
2026-01-07 22:16:37;57.18;169.02;3.235;47.832;188.91;0.866;0;normal
2026-01-07 22:16:38;57.38;170.51;3.41;47.745;190.82;0.8767;0;normal
2026-01-07 22:16:39;57.95;172.05;3.357;47.878;188.22;0.8885;0;normal
2026-01-07 22:16:40;57.57;173.43;3.292;47.77;189.37;0.8951;0;normal
2026-01-07 22:16:41;58;172.15;3.538;47.71;193.95;0.9021;0;normal
2026-01-07 22:16:42;58.02;143.08;2.714;48.333;150.45;0.6841;0;normal
2026-01-07 22:16:43;57.96;123.6;2.48;48.974;126.21;0.5424;0;normal
2026-01-07 22:16:44;58.37;107.03;2.389;49.075;106.51;0.459;0;normal
2026-01-07 22:16:45;58.69;97.93;2.169;49.227;93.74;0.3883;0;normal
2026-01-07 22:16:46;58.5;90.05;2.026;49.513;85.65;0.3419;0;normal
2026-01-07 22:16:47;58.41;96.53;2.127;49.442;97.58;0.3719;0;normal
2026-01-07 22:16:48;58.92;99.92;2.16;49.309;95.72;0.3942;0;normal
2026-01-07 22:16:49;58.35;99.03;2.165;49.351;101.12;0.4012;0;normal
2026-01-07 22:16:50;58.81;102.5;2.38;49.347;96.85;0.4027;0;normal
2026-01-07 22:16:51;58.72;98.45;2.094;49.376;93.76;0.3923;0;normal
2026-01-07 22:16:52;59.26;97.65;2.105;49.423;98.89;0.3922;0;normal
2026-01-07 22:16:53;58.77;100.07;2.081;49.344;104.59;0.4106;0;normal
2026-01-07 22:16:54;58.39;102.09;2.116;49.233;104.01;0.4178;0;normal
2026-01-07 22:16:55;59.08;100.63;2.033;49.229;100.65;0.4098;0;normal
2026-01-07 22:16:56;58.71;99.78;1.993;49.337;100.66;0.405;0;normal
2026-01-07 22:16:57;58.29;99.36;2.198;49.273;98.11;0.4199;0;normal
2026-01-07 22:16:58;58.7;97.27;2.041;49.205;98.09;0.4013;0;normal
2026-01-07 22:16:59;58.91;101.66;1.996;49.28;105.82;0.4204;0;normal
2026-01-07 22:17:00;58.08;99.9;2.001;49.247;101.19;0.4155;0;normal
2026-01-07 22:17:01;58.77;96.05;2.035;49.246;98.31;0.4;0;normal
2026-01-07 22:17:02;58.81;95.35;1.948;49.328;99.13;0.3947;0;normal
2026-01-07 22:17:03;58.18;98.27;1.969;49.305;97.89;0.405;0;normal
2026-01-07 22:17:04;58.28;99.42;2.057;49.404;96.72;0.4022;0;normal
2026-01-07 22:17:05;58.92;99.12;2.012;49.249;99.3;0.4104;0;normal
2026-01-07 22:17:06;58.33;95.54;2.138;49.339;100.89;0.3954;0;normal
2026-01-07 22:17:07;58.7;95.62;1.947;49.312;96.09;0.3934;0;normal
2026-01-07 22:17:08;58.58;98.36;2.032;49.311;99.7;0.4083;0;normal
2026-01-07 22:17:09;58.97;103.19;2.056;49.273;104.66;0.4241;0;normal
2026-01-07 22:17:10;58.35;102.16;2.153;49.152;102.78;0.4281;0;normal
2026-01-07 22:17:11;59.01;102.47;2.2;49.121;101.97;0.4294;0;normal
2026-01-07 22:17:12;58.49;104.08;2.075;49.181;109.51;0.4379;0;normal
2026-01-07 22:17:13;58.41;102.66;2.252;49.218;106.29;0.4259;0;normal
2026-01-07 22:17:14;58.5;102.33;2.024;49.188;109.49;0.4386;0;normal
2026-01-07 22:17:15;58.62;101.7;2.107;49.244;103.9;0.4213;0;normal
2026-01-07 22:17:16;58.49;103.53;2.191;49.223;105.32;0.432;0;normal
2026-01-07 22:17:17;58.82;104.29;2.131;49.188;107.13;0.428;0;normal
2026-01-07 22:17:18;58.39;101.88;2.244;49.226;108.08;0.4307;0;normal
2026-01-07 22:17:19;58.38;102.9;2.143;49.278;104.22;0.4335;0;normal
2026-01-07 22:17:20;59.06;100.36;2.276;49.333;103.48;0.4086;0;normal
2026-01-07 22:17:21;59;96.24;2.131;49.377;101.15;0.4014;0;normal
2026-01-07 22:17:22;58.32;102.46;2.172;49.303;101.51;0.4169;0;normal
2026-01-07 22:17:23;59.21;101.99;2.252;49.277;100.26;0.4141;0;normal
2026-01-07 22:17:24;58.78;99.21;2.26;49.203;102.29;0.4233;0;normal
2026-01-07 22:17:25;59.12;103.52;2.168;49.089;110.85;0.4363;0;normal
2026-01-07 22:17:26;58.92;101.34;2.3;49.195;105.44;0.4359;0;normal
2026-01-07 22:17:27;58.68;103.57;2.155;49.307;107.57;0.4181;0;normal
2026-01-07 22:17:28;59.43;99.78;2.08;49.307;100.17;0.4129;0;normal
2026-01-07 22:17:29;59.38;103.25;2.244;49.193;106.03;0.4283;0;normal
2026-01-07 22:17:30;58.75;101.17;2.114;49.282;104.46;0.4107;0;normal
2026-01-07 22:17:31;58.76;98.3;2.169;49.288;105.03;0.4069;0;normal
2026-01-07 22:17:32;58.8;102.29;2.19;49.245;105.46;0.428;0;normal
2026-01-07 22:17:33;58.64;103.46;2.286;49.248;108.11;0.4358;0;normal
2026-01-07 22:17:34;58.51;98.79;2.219;49.278;99.35;0.4275;0;normal
2026-01-07 22:17:35;58.87;100.76;2.117;49.147;106.92;0.4283;0;normal
2026-01-07 22:17:36;58.51;127.98;2.567;48.616;140.31;0.6032;0;normal
2026-01-07 22:17:37;59.22;148.29;2.847;48.243;162.03;0.7304;0;normal
2026-01-07 22:17:38;59.5;158.23;3.056;48.055;175.89;0.8063;0;normal
2026-01-07 22:17:39;59.81;165.18;3.22;47.872;182.56;0.8415;0;normal
2026-01-07 22:17:40;59.74;167.22;3.39;47.757;189.89;0.8769;0;normal
2026-01-07 22:17:41;60.51;173.21;3.29;47.609;196.72;0.9002;0;normal
2026-01-07 22:17:42;60.56;140.45;2.889;48.299;157.29;0.6882;0;normal
2026-01-07 22:17:43;60.7;118.78;2.436;48.94;129.01;0.5392;0;normal
2026-01-07 22:17:44;60.38;104.01;2.254;49.141;109.61;0.4553;0;normal
2026-01-07 22:17:45;60.94;97.84;2.23;49.367;98.47;0.4011;0;normal
2026-01-07 22:17:46;60.81;89.44;2.175;49.313;88.93;0.3588;0;normal
2026-01-07 22:17:47;60.46;85.9;2.01;49.484;82.08;0.3192;0;normal
2026-01-07 22:17:48;60.35;69.45;1.787;49.88;71.08;0.2229;0;normal
2026-01-07 22:17:49;60.12;63.79;1.698;50.141;55.81;0.1707;0;normal
2026-01-07 22:17:50;59.67;58.07;1.487;50.171;50.41;0.1328;0;normal
2026-01-07 22:17:51;59.6;57.77;1.348;50.182;46.33;0.1167;0;normal
2026-01-07 22:17:52;59.72;53.84;1.189;50.277;47;0.1034;0;normal
2026-01-07 22:17:53;58.72;55;1.407;50.319;41.49;0.1019;0;normal
2026-01-07 22:17:54;60.11;49.35;1.183;50.238;38.58;0.0748;0;normal
2026-01-07 22:17:55;58.82;51.49;1.337;50.31;36.78;0.0682;0;normal
2026-01-07 22:17:56;58.39;48.31;1.221;50.367;33.07;0.0635;0;normal
2026-01-07 22:17:57;58.53;44.2;1.172;50.474;33.73;0.0408;0;normal
2026-01-07 22:17:58;58.53;44.27;1.23;50.345;32.75;0.0535;0;normal
2026-01-07 22:17:59;58.94;44.78;1.429;50.359;34.15;0.0643;0;normal
2026-01-07 22:18:00;58.34;48.2;1.263;50.377;37.9;0.0771;0;normal
2026-01-07 22:18:01;57.38;47.51;1.263;50.335;41.95;0.0778;0;normal
2026-01-07 22:18:02;57.27;49.39;1.296;50.404;30.84;0.0604;0;normal
2026-01-07 22:18:03;56.94;44.74;1.363;50.384;30.81;0.058;0;normal
2026-01-07 22:18:04;57;45.15;1.171;50.47;29.62;0.0487;0;normal
2026-01-07 22:18:05;56.61;41.4;1.211;50.561;30.07;0.0285;0;normal
2026-01-07 22:18:06;56.77;34.55;1.129;50.546;21.78;0;0;normal
2026-01-07 22:18:07;56.71;41.36;1.255;50.482;23.3;0.0205;0;normal
2026-01-07 22:18:08;56.77;41.94;1.259;50.496;26.36;0.0244;0;normal
2026-01-07 22:18:09;56.25;44.56;1.212;50.429;33.33;0.0481;0;normal
2026-01-07 22:18:10;56.16;46.35;1.358;50.429;34.02;0.0546;0;normal
2026-01-07 22:18:11;56.16;46.13;1.229;50.428;32.66;0.0587;0;normal
2026-01-07 22:18:12;55.75;46.57;1.177;50.339;31.69;0.0682;0;normal
2026-01-07 22:18:13;55.76;44.5;1.376;50.42;35.37;0.0753;0;normal
2026-01-07 22:18:14;55.26;47.13;1.088;50.353;33.84;0.0609;0;normal
2026-01-07 22:18:15;55.26;50.62;1.366;50.317;35.61;0.0808;0;normal
2026-01-07 22:18:16;55.47;52.96;1.376;50.284;39.3;0.099;0;normal
2026-01-07 22:18:17;55.77;51.13;1.33;50.242;37.8;0.0822;0;normal
2026-01-07 22:18:18;54.19;47.01;1.097;50.334;30.33;0.0512;0;normal
2026-01-07 22:18:19;54.74;50.16;1.379;50.271;30.6;0.0622;0;normal
2026-01-07 22:18:20;55.18;46.14;1.259;50.335;32.05;0.0543;0;normal
2026-01-07 22:18:21;54.54;44.45;1.069;50.359;29.62;0.044;0;normal
2026-01-07 22:18:22;54.78;67.47;1.375;50.03;58.8;0.1798;0;normal
2026-01-07 22:18:23;54.89;81.31;1.838;49.587;78.43;0.2917;0;normal
2026-01-07 22:18:24;55.25;88.97;1.934;49.448;88.46;0.3267;0;normal
2026-01-07 22:18:25;54.77;94.57;1.873;49.376;94.56;0.365;0;normal
2026-01-07 22:18:26;55.19;93.83;2.106;49.465;92.42;0.373;0;normal
2026-01-07 22:18:27;55.05;98.4;2.148;49.318;95.5;0.4085;0;normal
2026-01-07 22:18:28;54.61;103.31;2.073;49.227;101.73;0.4187;0;normal
2026-01-07 22:18:29;55.21;103.75;2.276;49.143;104.81;0.4328;0;normal
2026-01-07 22:18:30;55.74;101.42;2.078;49.117;105.54;0.4388;0;normal
2026-01-07 22:18:31;55.43;104.41;2.312;48.98;108.69;0.4465;0;normal
2026-01-07 22:18:32;55.39;102.8;2.245;49.132;108.37;0.4594;0;normal
2026-01-07 22:18:33;56.14;107.05;2.348;49.145;102.91;0.4498;0;normal
2026-01-07 22:18:34;56.71;103.4;2.317;49.128;107.82;0.4495;0;normal
2026-01-07 22:18:35;55.62;102.98;2.228;49.155;106.19;0.4477;0;normal
2026-01-07 22:18:36;56.05;105.7;2.266;49.04;106.81;0.4461;0;normal
2026-01-07 22:18:37;56.88;101.71;2.146;49.103;104.58;0.4351;0;normal
2026-01-07 22:18:38;56.27;102.18;2.274;49.06;104.33;0.4398;0;normal
2026-01-07 22:18:39;55.87;101.55;2.214;49.208;102.2;0.4238;0;normal
2026-01-07 22:18:40;55.56;100.02;2.138;49.22;105.25;0.4338;0;normal
2026-01-07 22:18:41;55.49;101.5;2.237;49.254;101.46;0.4248;0;normal
2026-01-07 22:18:42;55.97;102.92;2.157;49.221;103.05;0.4223;0;normal
2026-01-07 22:18:43;55.8;102.4;2.163;49.268;97.17;0.423;0;normal
2026-01-07 22:18:44;56.34;102.57;2.347;49.164;105.96;0.4284;0;normal
2026-01-07 22:18:45;56.56;101.61;2.16;49.142;105.32;0.4363;0;normal
2026-01-07 22:18:46;56.32;100.93;2.225;49.256;103.1;0.4207;0;normal
2026-01-07 22:18:47;56.29;98.84;2.104;49.259;97.73;0.4021;0;normal
2026-01-07 22:18:48;57.02;100.87;2.213;49.186;100.69;0.4158;0;normal
2026-01-07 22:18:49;56.72;99.33;2.052;49.422;99.21;0.4015;0;normal
2026-01-07 22:18:50;57.04;103.2;2.304;49.152;98.97;0.4197;0;normal
2026-01-07 22:18:51;56.84;97.81;2.086;49.303;98.42;0.4061;0;normal
2026-01-07 22:18:52;56.41;97.51;2.111;49.278;101.18;0.4064;0;normal
2026-01-07 22:18:53;56.63;103.56;2.327;49.227;104.61;0.4382;0;normal
2026-01-07 22:18:54;57.22;99.88;2.153;49.288;100.96;0.4143;0;normal
2026-01-07 22:18:55;56.4;97.84;2.204;49.296;102.61;0.4121;0;normal
2026-01-07 22:18:56;56.76;99.74;2.138;49.266;95.98;0.4144;0;normal
2026-01-07 22:18:57;56.58;98.28;2.242;49.305;101.91;0.4268;0;normal
2026-01-07 22:18:58;56.31;100.78;2.404;49.314;101.39;0.418;0;normal
2026-01-07 22:18:59;56.09;104.52;2.161;49.261;106.9;0.4282;0;normal
2026-01-07 22:19:00;56.62;102.57;2.394;49.207;101.62;0.4367;0;normal
2026-01-07 22:19:01;56.55;104.85;2.327;49.142;105.09;0.4341;0;normal
2026-01-07 22:19:02;57.12;106.44;2.416;49.194;103.19;0.4516;0;normal
2026-01-07 22:19:03;57.06;107.29;2.346;49.234;104.25;0.4479;0;normal
2026-01-07 22:19:04;56.96;106.33;2.368;49.251;101.54;0.4351;0;normal
2026-01-07 22:19:05;57.4;101.97;2.237;49.24;100.31;0.4139;0;normal
2026-01-07 22:19:06;56.54;95.01;2.179;49.286;96.16;0.3976;0;normal
2026-01-07 22:19:07;57.18;102.28;2.407;49.323;99.24;0.4186;0;normal
2026-01-07 22:19:08;56.85;100.03;2.343;49.323;100.93;0.4172;0;normal
2026-01-07 22:19:09;56.82;99.2;2.304;49.197;97.73;0.4028;0;normal
2026-01-07 22:19:10;56.75;100.51;2.231;49.309;100.39;0.4139;0;normal
2026-01-07 22:19:11;57.13;99.52;2.15;49.292;96.2;0.4062;0;normal
2026-01-07 22:19:12;57.46;103.46;2.295;49.271;107.81;0.4334;0;normal
2026-01-07 22:19:13;57.32;104.44;2.21;49.209;103.81;0.4393;0;normal
2026-01-07 22:19:14;57.48;103.07;2.456;49.201;104.93;0.447;0;normal
2026-01-07 22:19:15;57.56;104.9;2.24;49.078;104.62;0.4455;0;normal
2026-01-07 22:19:16;57.22;106.83;2.232;49.221;107.77;0.4434;0;normal
2026-01-07 22:19:17;57.5;100.52;2.229;49.168;106.29;0.433;0;normal
2026-01-07 22:19:18;57.1;106.01;2.227;49.214;105.1;0.4399;0;normal
2026-01-07 22:19:19;57.39;100.74;2.419;49.375;101.27;0.4185;0;normal
2026-01-07 22:19:20;57.25;98.99;2.093;49.23;97.87;0.4057;0;normal
2026-01-07 22:19:21;57.75;104.09;2.207;49.091;105.53;0.4254;0;normal
2026-01-07 22:19:22;57.08;102.53;2.24;49.273;101.75;0.4223;0;normal
2026-01-07 22:19:23;57.72;102.61;2.347;49.261;102.64;0.4262;0;normal
2026-01-07 22:19:24;57.56;104.93;2.374;49.282;108.19;0.4424;0;normal
2026-01-07 22:19:25;58.49;103.14;2.497;49.322;106.2;0.4341;0;normal
2026-01-07 22:19:26;58.16;101.27;2.377;49.26;102.88;0.4305;0;normal
2026-01-07 22:19:27;58.05;103.09;2.472;49.213;108.81;0.4372;0;normal
2026-01-07 22:19:28;58.03;104.04;2.302;49.209;104.2;0.4285;0;normal
2026-01-07 22:19:29;57.31;101.56;2.38;49.153;103.4;0.4203;0;normal
2026-01-07 22:19:30;58.05;99.28;2.331;49.354;102.45;0.4173;0;normal
2026-01-07 22:19:31;57.94;102.71;2.337;49.268;103.98;0.4222;0;normal
2026-01-07 22:19:32;58.14;107.67;2.219;49.237;108.14;0.4336;0;normal
2026-01-07 22:19:33;57.94;103.35;2.287;49.283;97.86;0.4211;0;normal
2026-01-07 22:19:34;57.55;99.41;2.335;49.235;102.37;0.4185;0;normal
2026-01-07 22:19:35;57.93;101.85;2.247;49.247;102.76;0.4275;0;normal
2026-01-07 22:19:36;58.2;100.39;2.207;49.131;103.84;0.4116;0;normal
2026-01-07 22:19:37;58.02;100.44;2.195;49.186;100.76;0.4166;0;normal
2026-01-07 22:19:38;57.54;99.83;2.329;49.272;101.97;0.4224;0;normal
2026-01-07 22:19:39;57.36;101.93;2.093;49.335;97.93;0.408;0;normal
2026-01-07 22:19:40;57.93;101.02;2.277;49.265;105.13;0.4204;0;normal
